soi_name,master_comp_security_name,family_name,security_type,normalized_security_name,normalized_soi_name,normalized_family_name
,Security 101 (Common Equity),Security 1011323,Common Equity,security 101 common equity,,security 1011323
,Security 101 (Common Equity),Security 101,Common Equity,security 101 common equity,,security 101
,Omnia (Equity),Omnia,Common Equity,omnia equity,,omnia
" APT OPCO, LLC ",APT Healthcare (Term Loan),APT Healthcare,First Lien,apt healthcare term loan,apt opco,apt healthcare
" BLC Holding  Company,  Inc.",Bland Landscaping (Revolver),Bland Landscaping,First Lien,bland landscaping revolver,blc holding,bland landscaping
" BLC Holding  Company,  Inc.",Bland Landscaping (DDTL),Bland Landscaping,First Lien,bland landscaping delayed draw term loan,blc holding,bland landscaping
" BLC Holding  Company,  Inc.",Bland Landscaping (Term Loan),Bland Landscaping,First Lien,bland landscaping term loan,blc holding,bland landscaping
" Holdco Sands Intermediate, LLC ",Smartronix / Trident (TL),Smartronix / Trident,First Lien,smartronix trident term loan,holdco sands intermediate,smartronix trident
" Management Consulting & Research, LLC ",MCR (Term Loan),MCR,First Lien,mcr term loan,management consulting research,mcr
" PD Tri-State Holdco, LLC ",PDS Tri-State (Term Loan),PDS Tri-State,First Lien,pds tri state term loan,pd tri state holdco,pds tri state
" Puget Collision, LLC ",Puget Collision (Term Loan),Puget Collision,First Lien,puget collision term loan,puget collision,puget collision
" RECEPTION PURCHASER, LLC",STG (TL),STG Logistics,First Lien,stg term loan,reception purchaser,stg logistics
"18 Freemont Street Acquisition, LLC",Circa (TL),Circass,First Lien,circa term loan,18 freemont street acquisition,circass
"48FORTY INTERMEDIATE HOLDINGS, INC",48Forty (Common Equity),48Forty,Common Equity,48forty common equity,48forty intermediate holdings,48forty
"48FORTY INTERMEDIATE HOLDINGS, INC",48Forty (Term Loan),48Forty,First Lien,48forty term loan,48forty intermediate holdings,48forty
"A1 GARAGE MERGER SUB, LLC",A1 Garage (DDTL),A1 Garage,First Lien,a1 garage delayed draw term loan,a1 garage merger sub,a1 garage
"A1 GARAGE MERGER SUB, LLC",A1 Garage (Revolver),A1 Garage,First Lien,a1 garage revolver,a1 garage merger sub,a1 garage
"A1 GARAGE MERGER SUB, LLC",A1 Garage (Term Loan),A1 Garage,First Lien,a1 garage term loan,a1 garage merger sub,a1 garage
"A1 Garage Equity, LLC",A1 Garage (Common Equity),A1 Garage,Common Equity,a1 garage common equity,a1 garage equity,a1 garage
"A1 Garage Merger Sub, LLC",A1 Garage (Revolver),A1 Garage,First Lien,a1 garage revolver,a1 garage merger sub,a1 garage
"A1 Garage Merger Sub, LLC",A1 Garage (Term Loan),A2 Garge,First Lien,a1 garage term loan,a1 garage merger sub,a2 garge
"A1 Garage Merger Sub, LLC",A1 Garage (DDTL),,First Lien,a1 garage delayed draw term loan,a1 garage merger sub,
"ACP Big Top Holdings, L.P. (DE)",Big Top Manufacturing (Common Equity),Big Top Manufacturing,Common Equity,big top manufacturing common equity,acp big top holdings l p de,big top manufacturing
"ACP Falcon Buyer, Inc.",Integrated Data Services (Rev),Integrated Data Services,First Lien,integrated data services revolver,acp falcon buyer,integrated data services
"ACP Falcon Buyer, Inc.",Integrated Data Services (TL),Integrated Data Services,First Lien,integrated data services term loan,acp falcon buyer,integrated data services
"AERONIX, INC.",Aeronix (Revolver),Aeronix,First Lien,aeronix revolver,aeronix,aeronix
"AERONIX, INC.",Aeronix (TL),Aeronix,First Lien,aeronix term loan,aeronix,aeronix
AFC Acquisitions,AFC Industries (Common Equity),AFC Acquisitions,Common Equity,afc industries common equity,afc acquisitions,afc acquisitions
AFC Acquisitions,AFC Industries (DDTL),AFC Acquisitions,First Lien,afc industries delayed draw term loan,afc acquisitions,afc acquisitions
AFC Acquisitions,AFC Industries (TL),AFC Acquisitions,First Lien,afc industries term loan,afc acquisitions,afc acquisitions
AFC Industries,AFC Industries (TL),AFC Acquisitions,First Lien,afc industries term loan,afc industries,afc acquisitions
AFC Industries,AFC Industries (Common Equity),AFC Acquisitions,Common Equity,afc industries common equity,afc industries,afc acquisitions
AFC Industries,AFC Industries (DDTL),AFC Acquisitions,First Lien,afc industries delayed draw term loan,afc industries,afc acquisitions
AG Investco LP,Athene (Equity),Athene,Common Equity,athene equity,ag investco,athene
AG Investco LP (Unfunded),Athene (Equity),Athene,Common Equity,athene equity,ag investco unfunded,athene
AG Investco LP - Unfunded,Athene (Equity),Athene,Common Equity,athene equity,ag investco unfunded,athene
"AH Holdings, Inc.",American Surgical (Preferred Equity),American Surgical,Preferred Equity,american surgical preferred equity,ah holdings,american surgical
"AH Holdings, Inc. (Warrants) ",American Surgical (Warrants),American Surgical,Common Equity,american surgical warrants,ah holdings warrants,american surgical
"AH Newco Equityholdings, LLC",American Surgical (Preferred Equity),American Surgical,Preferred Equity,american surgical preferred equity,ah newco equityholdings,american surgical
AKW Holdings Limited,AKW Holdings (Term Loan),AKW Holdings,First Lien,akw holdings term loan,akw holdings,akw holdings
AKW Holdings Limited (Equity),AKW Holdings (Common),AKW Holdings,Common Equity,akw holdings common,akw holdings equity,akw holdings
ALLIED UNIVERSAL HOLDCO LLC,Allied Universal (Term Loan),Allied Universal,First Lien,allied universal term loan,allied universal holdco,allied universal
"AMCSI CRASH CO-INVEST, LP",Crash Champions (Equity),Crash Champions,Common Equity,crash champions equity,amcsi crash invest,crash champions
"AMCSI CRASH CO-INVEST, LP - Unfunded",Crash Champions (Equity),Crash Champions,Common Equity,crash champions equity,amcsi crash invest unfunded,crash champions
API Holdings III Corp.,API Technologies (TL),API Technologies,First Lien,api technologies term loan,api holdings iii,api technologies
API Technologies Corp. - Unfunded Revolver,API Technologies (Revolver),API Technologies,First Lien,api technologies revolver,api technologies unfunded revolver,api technologies
"APT OPCO, LLC",APT Healthcare (Common Equity),APT Healthcare,Common Equity,apt healthcare common equity,apt opco,apt healthcare
"APT OPCO, LLC",APT Healthcare (Incr. DDTL),APT Healthcare,First Lien,apt healthcare incr delayed draw term loan,apt opco,apt healthcare
"APT OPCO, LLC",APT Healthcare (Revolver),APT Healthcare,First Lien,apt healthcare revolver,apt opco,apt healthcare
"APT OPCO, LLC",APT Healthcare (Term Loan),APT Healthcare,First Lien,apt healthcare term loan,apt opco,apt healthcare
"ASP LCG Holdings, Inc. (f/k/a Learning Care Group (US), No. 2 Inc.) (Warrants)",Learning Care Group (Common),,Common Equity,learning care group common,asp lcg holdings f k a learning care group us no 2 warrants,
"Accelevation, LLC",Accelevation (Term Loan),Accelevation,First Lien,accelevation term loan,accelevation,accelevation
"Accounting Platform Holdings, Inc",Harris (Preferred Equity),Harris,Common Equity,harris preferred equity,accounting platform holdings,harris
"Accounting Platform Holdings, Inc",Harris (Common Equity),Harris,Common Equity,harris common equity,accounting platform holdings,harris
"Acrisure, LLC",Acrisure (TLB-1),Acrisure,First Lien,acrisure tlb 1,acrisure,acrisure
"Ad.net Acquisition, LLC",Ad.net (Term Loan),Ad.net,First Lien,ad net term loan,ad net acquisition,ad net
"Ad.net Acquisition, LLC - Funded Revolver",Ad.net (Revolver),Ad.net,First Lien,ad net revolver,ad net acquisition funded revolver,ad net
"Ad.net Acquisition, LLC - Unfunded Revolver",Ad.net (Revolver),Ad.net,First Lien,ad net revolver,ad net acquisition unfunded revolver,ad net
"Ad.net Holdings, Inc. (Common )",Ad.net (Common Equity),Ad.net,Common Equity,ad net common equity,ad net holdings common,ad net
"Ad.net Holdings, Inc. (Common)",Ad.net (Common Equity),Ad.net,Preferred Equity,ad net common equity,ad net holdings common,ad net
"Ad.net Holdings, Inc. (Preferred)",Ad.net (Preferred Equity),Ad.net,Preferred Equity,ad net preferred equity,ad net holdings preferred,ad net
Advantage Sales & Marketing,Advantage (TL),Advantage Sales & Marketing,First Lien,advantage term loan,advantage sales marketing,advantage sales marketing
Advantage Sales & Marketing ,Advantage (TL),Advantage Sales & Marketing,First Lien,advantage term loan,advantage sales marketing,advantage sales marketing
Advantage Sales & Marketing Inc.,Advantage (TL),Advantage Sales & Marketing,First Lien,advantage term loan,advantage sales marketing,advantage sales marketing
"Adweek Purchaser, LLC",Adweek (Term Loan),Adweek,First Lien,adweek term loan,adweek purchaser,adweek
"Adweek Purchaser, LLC",Adweek (DDTL),Adweek,First Lien,adweek delayed draw term loan,adweek purchaser,adweek
Aechelon Technology Inc.,Aechelon (Common Equity),Aechelon,Common Equity,aechelon common equity,aechelon technology,aechelon
Aechelon Technology Inc.,Aechelon (Term Loan),Aechelon,First Lien,aechelon term loan,aechelon technology,aechelon
Aechelon Technology Inc.,Aechelon (Revolver),Aechelon,First Lien,aechelon revolver,aechelon technology,aechelon
"Affinion Group Holdings, Inc. (Warrants)",Affinion (Warrants),Affinion,Common Equity,affinion warrants,affinion group holdings warrants,affinion
"Aftermarket Drivetrain Products Holdings, LLC",TransGo (Equity),TransGo,Common Equity,transgo equity,aftermarket drivetrain products holdings,transgo
"Aftermarket Drivetrain Products Holdings, LLC ",TransGo (Equity),TransGo,Common Equity,transgo equity,aftermarket drivetrain products holdings,transgo
Alpine Acquisition Corp II,48Forty (Term Loan),48Forty,First Lien,48forty term loan,alpine acquisition ii,48forty
Alpine Acquisition Corp II - Unfunded Term Loan,48Forty (DDTL),48Forty,First Lien,48forty delayed draw term loan,alpine acquisition ii unfunded term loan,48forty
"Altamira Intermediate Company II, Inc.",Altamira (Common Equity),Altamira,Common Equity,altamira common equity,altamira intermediate ii,altamira
"Altamira Technologies, LLC",Altamira (TL),Altamira,First Lien,altamira term loan,altamira technologies,altamira
"Altamira Technologies, LLC - Funded Revolver",Altamira (RC),Altamira,First Lien,altamira revolver,altamira technologies funded revolver,altamira
"Altamira Technologies, LLC - Unfunded Revolver",Altamira (RC),Altamira,First Lien,altamira revolver,altamira technologies unfunded revolver,altamira
"American Auto Auction Group, LLC",XLerate,sadsad,First Lien,xlerate,american auto auction group,sadsad
"American Insulated Glass, LLC",American Insulated Glass (Term Loan),American Insulated Glass,First Lien,american insulated glass term loan,american insulated glass,american insulated glass
"American Insulated Glass, LLC - Unfunded Term Loan",American Insulated Glass (DDTL),American Insulated Glass,First Lien,american insulated glass delayed draw term loan,american insulated glass unfunded term loan,american insulated glass
"American Teleconferencing Services, Ltd.",Premiere Global Services (PGi) (Term Loan),Premiere Global Services (PGi),First Lien,premiere global services pgi term loan,american teleconferencing services,premiere global services pgi
"American Teleconferencing Services, Ltd. - Funded Revolver",Premiere Global Services (PGi) (Priority Revolver),Premiere Global Services (PGi),First Lien,premiere global services pgi priority revolver,american teleconferencing services funded revolver,premiere global services pgi
Amsive Holding Corporation,Vision Integrated (TL),Vision Integrated,First Lien,vision integrated term loan,amsive holding corporation,vision integrated
Amsive Holding Corporation (f/k/a Vision Purchaser Corporation),Vision Integrated (TL),Vision Integrated,First Lien,vision integrated term loan,amsive holding corporation f k a vision purchaser corporation,vision integrated
Ankura Consulting Group,Ankura (TL),Ankura,First Lien,ankura term loan,ankura consulting group,ankura
"Ankura Consulting Group, LLC",Ankura (TL),Ankura,First Lien,ankura term loan,ankura consulting group,ankura
"Anteriad, LLC (f/k/a MeritDirect, LLC)",MeritDirect (Term Loan),MeritDirect,First Lien,meritdirect term loan,anteriad f k a meritdirect,meritdirect
Any Hour Services,Any Hour Services (Term Loan),Any Hour Services,First Lien,any hour services term loan,any hour services,any hour services
Any Hour Services - Unfunded Revolver,Any Hour Services (Revolver),Any Hour Services,First Lien,any hour services revolver,any hour services unfunded revolver,any hour services
Any Hour Services - Unfunded Term Loan,Any Hour Services (DDTL),Any Hour Services,First Lien,any hour services delayed draw term loan,any hour services unfunded term loan,any hour services
Any Hour Services - Unfunded Term Loan II,Any Hour Services (DDTL II),Any Hour Services,First Lien,any hour services delayed draw term loan ii,any hour services unfunded term loan ii,any hour services
"Apex Service Partners, LLC",Apex (Term Loan),Apex Service Partners,First Lien,apex term loan,apex service partners,apex service partners
"Apex Service Partners, LLC",Apex (Incremental Term Loan),Apex Service Partners,First Lien,apex incremental term loan,apex service partners,apex service partners
"Apex Service Partners, LLC ",Apex (Term Loan),Apex Service Partners,First Lien,apex term loan,apex service partners,apex service partners
"Apex Service Partners, LLC - Funded Revolver",Apex (Revolver),Apex Service Partners,First Lien,apex revolver,apex service partners funded revolver,apex service partners
"Apex Service Partners, LLC - Revolver",Apex (Revolver),Apex Service Partners,First Lien,apex revolver,apex service partners revolver,apex service partners
"Apex Service Partners, LLC - Term Loan C",Apex (Term Loan C),Apex Service Partners,First Lien,apex term loan c,apex service partners term loan c,apex service partners
"Apex Service Partners, LLC - Unfunded Revolver",Apex (Revolver),Apex Service Partners,First Lien,apex revolver,apex service partners unfunded revolver,apex service partners
"Apex Service Partners, LLC - Unfunded Term Loan",Apex (DDTL),Apex Service Partners,First Lien,apex delayed draw term loan,apex service partners unfunded term loan,apex service partners
"Apex Service Partners, LLC - Unfunded Term Loan",Apex (DDTL II),Apex Service Partners,First Lien,apex delayed draw term loan ii,apex service partners unfunded term loan,apex service partners
"Apex Service Partners, LLC - Unfunded Term Loan C",Apex (DDTL III),Apex Service Partners,First Lien,apex delayed draw term loan iii,apex service partners unfunded term loan c,apex service partners
"Apex Service Partners, LLC - Unfunded Term Loan III",Apex (DDTL III),Apex Service Partners,First Lien,apex delayed draw term loan iii,apex service partners unfunded term loan iii,apex service partners
"Apex Service Partners, LLC Term Loan B",Apex (DDTL II),Apex Service Partners,First Lien,apex delayed draw term loan ii,apex service partners term loan b,apex service partners
"Apex Service Partners, LLC Term Loan C",Apex (Term Loan C),Apex Service Partners,First Lien,apex term loan c,apex service partners term loan c,apex service partners
"Aphix Buyer, Inc.",Aphix (Common Equity),APHIX,Common Equity,aphix common equity,aphix buyer,aphix
"Aphix Buyer, Inc.",Aphix (Term Loan),APHIX,First Lien,aphix term loan,aphix buyer,aphix
Applied Technical Services,Applied Technical Services (Term Loan),Applied Technical Services,First Lien,applied technical services term loan,applied technical services,applied technical services
Applied Technical Services (Common Equity),Applied Technical Services (Common Equity),Applied Technical Services,Common Equity,applied technical services common equity,applied technical services common equity,applied technical services
Applied Technical Services (Term Loan),Applied Technical Services (Term Loan),Applied Technical Services,First Lien,applied technical services term loan,applied technical services term loan,applied technical services
"Applied Technical Services, LLC",Applied Technical Services (Term Loan),Applied Technical Services,First Lien,applied technical services term loan,applied technical services,applied technical services
"Applied Technical Services, LLC - Funded Revolver",Applied Technical Services (Revolver),Applied Technical Services,First Lien,applied technical services revolver,applied technical services funded revolver,applied technical services
"Applied Technical Services, LLC - Unfunded Revolver",Applied Technical Services (Revolver),Applied Technical Services,First Lien,applied technical services revolver,applied technical services unfunded revolver,applied technical services
"Applied Technical Services, LLC - Unfunded Term Loan",Applied Technical Services (DDTL),Applied Technical Services,First Lien,applied technical services delayed draw term loan,applied technical services unfunded term loan,applied technical services
Arcfield Acquisition Corp.,Arcfield (Term Loan),Arcfield,First Lien,arcfield term loan,arcfield acquisition,arcfield
Arcfield Acquisition Corp. - Unfunded Revolver,Arcfield (Revolver),Arcfield,First Lien,arcfield revolver,arcfield acquisition unfunded revolver,arcfield
Archer Lewis LLC,Archer Lewis (Revolver),Archer Lewis,First Lien,archer lewis revolver,archer lewis,archer lewis
Archer Lewis LLC,Archer Lewis (Term Loan),Archer Lewis,First Lien,archer lewis term loan,archer lewis,archer lewis
Archer Lewis LLC,Archer Lewis (Unfunded DDTL B),Archer Lewis,First Lien,archer lewis unfunded delayed draw term loan b,archer lewis,archer lewis
Archer Lewis LLC,Archer Lewis (Unfunded DDTL A),Archer Lewis,First Lien,archer lewis unfunded delayed draw term loan a,archer lewis,archer lewis
"Argano, LLC",Argano (Revolver),Argano,First Lien,argano revolver,argano,argano
"Argano, LLC",Argano (Term Loan),Argano,First Lien,argano term loan,argano,argano
"Argano, LLC",Argano (DDTL),Argano,First Lien,argano delayed draw term loan,argano,argano
"Ascensus Holdings, Inc.",Ascensus (Term Loan),Ascensus,First Lien,ascensus term loan,ascensus holdings,ascensus
"Ascensus Holdings, Inc. - Second Lien",Ascensus (2L Term Loan),Ascensus,Second Lien,ascensus second lien term loan,ascensus holdings second lien,ascensus
"Athletico Holdings, LLC",Athletico (Common Equity),Athletico,Common Equity,athletico common equity,athletico holdings,athletico
"Atlas Investment Aggregator, LLC",Aspect Software (Equity),Aspect Software,Common Equity,aspect software equity,atlas investment aggregator,aspect software
"Atlas Purchaser, Inc.",Aspect Software,Aspect Software,Second Lien,aspect software,atlas purchaser,aspect software
"Atlas Purchaser, Inc. - Fourth Out",Aspect Software (First Lien Fourth Out),Aspect Software,First Lien,aspect software first lien fourth out,atlas purchaser fourth out,aspect software
"Atlas Purchaser, Inc. - Third Out",Aspect Software (First Lien Third Out Tranche B),Aspect Software,First Lien,aspect software first lien third out tranche b,atlas purchaser third out,aspect software
"Autumn Games, LLC",CEA (Common),,Common Equity,cea common,autumn games,
Avenu Insights & Analytics LLC,Avenu (DDTL),Avenu,First Lien,avenu delayed draw term loan,avenu insights analytics,avenu
Avenu Insights & Analytics LLC,Avenu (TL),Avenu,First Lien,avenu term loan,avenu insights analytics,avenu
Avenu Insights & Analytics LLC,Avenu (Equity),Avenu,Common Equity,avenu equity,avenu insights analytics,avenu
Avenu Insights & Analytics LLC,Avenu (Revolver),Avenu,First Lien,avenu revolver,avenu insights analytics,avenu
"BIODERM HOLDINGS, LP",BioDerm (Common Equity),BioDerm,Common Equity,bioderm common equity,bioderm holdings,bioderm
"BIODERM HOLDINGS, LP",BioDerm (Preferred Equity),BioDerm,Preferred Equity,bioderm preferred equity,bioderm holdings,bioderm
"Beacon Behavioral Support Services, LLC ",Beacon Behavioral (Revolver),Beacon Behavioral,First Lien,beacon behavioral revolver,beacon behavioral support services,beacon behavioral
"Beacon Behavioral Support Services, LLC ",Beacon Behavioral (DDTL),Beacon Behavioral,First Lien,beacon behavioral delayed draw term loan,beacon behavioral support services,beacon behavioral
"Beacon Behavioral Support Services, LLC ",Beacon Behavioral (Term Loan),Beacon Behavioral,First Lien,beacon behavioral term loan,beacon behavioral support services,beacon behavioral
"Beacon Behavioral Support Services, LLC ",Beacon Beavhioral (DDTL),Beacon Behavioral,First Lien,beacon beavhioral delayed draw term loan,beacon behavioral support services,beacon behavioral
"Beacon Behavioral Support Services, LLC ",Beacon Behavioral (HoldCo Note),Beacon Behavioral,Subordinated Debt,beacon behavioral holdco note,beacon behavioral support services,beacon behavioral
"Bellwether Media, LLC",The Creative Group (Term Loan),The Creative Group,First Lien,the creative group term loan,bellwether media,the creative group
Berlin Packaging - Equity,Berlin Packaging (Common Equity),Berlin Packaging,Common Equity,berlin packaging common equity,berlin packaging equity,berlin packaging
Berlin Packaging L.L.C. ,Berlin Packaging (Term Loan),Berlin Packaging,First Lien,berlin packaging term loan,berlin packaging l l c,berlin packaging
"Berlin Packaging, LLC",Berlin Packaging (Term Loan),Berlin Packaging,First Lien,berlin packaging term loan,berlin packaging,berlin packaging
Best Practice Associates LLC,Federal Advisory Partners (Revolver),Federal Advisory Partners,First Lien,federal advisory partners revolver,best practice associates,federal advisory partners
Best Practice Associates LLC,Federal Advisory Partners (First Lien Term Loan),Federal Advisory Partners,First Lien,federal advisory partners first lien term loan,best practice associates,federal advisory partners
Best Practice Associates LLC,Federal Advisory Partners (Term Loan),Federal Advisory Partners,Second Lien,federal advisory partners term loan,best practice associates,federal advisory partners
"Best Practice Associates, LLC",Federal Advisory Partners (Term Loan),Federal Advisory Partners,Second Lien,federal advisory partners term loan,best practice associates,federal advisory partners
"Beta Plus Technologies, Inc.",Beta+ (TL),Beta+,First Lien,beta term loan,beta plus technologies,beta
Beta+,Beta+ (TL),Beta+,First Lien,beta term loan,beta,beta
"Big Top Holdings, LLC",Big Top Manufacturing (Term Loan),Big Top Manufacturing,First Lien,big top manufacturing term loan,big top holdings,big top manufacturing
"Big Top Holdings, LLC",Big Top Manufacturing (Revolver),Big Top Manufacturing,First Lien,big top manufacturing revolver,big top holdings,big top manufacturing
"BioDerm, Inc.",BioDerm (Term Loan),BioDerm,First Lien,bioderm term loan,bioderm,bioderm
"BioDerm, Inc.",BioDerm (Revolver),BioDerm,First Lien,bioderm revolver,bioderm,bioderm
"Blackhawk Industrial Distribution, Inc.",BlackHawk Industrial (Incremental TL),BlackHawk Industrial,First Lien,blackhawk industrial incremental term loan,blackhawk industrial distribution,blackhawk industrial
"Blackhawk Industrial Distribution, Inc.",BlackHawk Industrial (TL),BlackHawk Industrial,First Lien,blackhawk industrial term loan,blackhawk industrial distribution,blackhawk industrial
"Blackhawk Industrial Distribution, Inc. - Funded Revolver",BlackHawk Industrial (Revolver),BlackHawk Industrial,First Lien,blackhawk industrial revolver,blackhawk industrial distribution funded revolver,blackhawk industrial
"Blackhawk Industrial Distribution, Inc. - Unfunded Revolver",BlackHawk Industrial (Revolver),BlackHawk Industrial,First Lien,blackhawk industrial revolver,blackhawk industrial distribution unfunded revolver,blackhawk industrial
"Blackhawk Industrial Distribution, Inc. - Unfunded Term Loan",BlackHawk Industrial (DDTL),BlackHawk Industrial,First Lien,blackhawk industrial delayed draw term loan,blackhawk industrial distribution unfunded term loan,blackhawk industrial
"Blue Cloud Pediatric Surgery Centers, LLC",Blue Cloud (Incr. Term Loan),Blue Cloud,First Lien,blue cloud incr term loan,blue cloud pediatric surgery centers,blue cloud
"Boss Industries, LLC",Boss Industries (Revolver),Boss Industries,First Lien,boss industries revolver,boss industries,boss industries
"Boss Industries, LLC",Boss Industries (Term Loan),Boss Industries,First Lien,boss industries term loan,boss industries,boss industries
"Bottom Line Systems, LLC",Bottom Line Systems,,First Lien,bottom line systems,bottom line systems,
"Broder Bros, Co.",alphabroder,alphabroder,First Lien,alphabroder,broder bros,alphabroder
"Broder Bros., Co.",alphabroder,alphabroder,First Lien,alphabroder,broder bros,alphabroder
"Burgess Point Holdings, L.P.",BBB Industries (Common Equity),BBB Industries,Common Equity,bbb industries common equity,burgess point holdings l p,bbb industries
Burgess Point Purchaser Corporation,BBB Industries (First Lien Term Loan),BBB Industries,First Lien,bbb industries first lien term loan,burgess point purchaser corporation,bbb industries
Burgess Point Purchaser Corporation,BBB Industries (Second Lien Term Loan),BBB Industries,Second Lien,bbb industries second lien term loan,burgess point purchaser corporation,bbb industries
By Light Holdings LLC,By Light (HoldCo Note),By Light,Subordinated Debt,by light holdco note,by light holdings,by light
By Light Investco LP,By Light (Equity),By Light,Common Equity,by light equity,by light investco,by light
By Light Investco LP (Unfunded),By Light (Equity),By Light,Common Equity,by light equity,by light investco unfunded,by light
"By Light Professional IT Services, LLC",By Light (Term Loan),By Light,First Lien,by light term loan,by light professional it services,by light
"By Light Professional IT Services, LLC - Funded Revolver",By Light (Revolver),By Light,First Lien,by light revolver,by light professional it services funded revolver,by light
"By Light Professional IT Services, LLC - Unfunded Revolver",By Light (Revolver),By Light,First Lien,by light revolver,by light professional it services unfunded revolver,by light
"By Light Professional IT Services, LLC - Unfunded Term Loan",By Light (DDTL),By Light,First Lien,by light delayed draw term loan,by light professional it services unfunded term loan,by light
"By Light Professional Services, LLC",By Light (Term Loan),By Light,First Lien,by light term loan,by light professional services,by light
"C5MI Acquisition, LLC",C5MI (Term Loan),C5MI,First Lien,c5mi term loan,c5mi acquisition,c5mi
"C5MI Acquisition, LLC",C5MI (Revolver),C5MI,First Lien,c5mi revolver,c5mi acquisition,c5mi
"C5MI Holdco, LLC",C5MI (Common Equity),C5MI,Common Equity,c5mi common equity,c5mi holdco,c5mi
"C5MI Holdco, LLC",C5MI (Preferred Equity),C5MI,Preferred Equity,c5mi preferred equity,c5mi holdco,c5mi
"CARISK BUYER, INC.",Carisk Partners (Revolver),Carisk Partners,First Lien,carisk partners revolver,carisk buyer,carisk partners
"CARISK BUYER, INC.",Carisk Partners (DDTL),Carisk Partners,First Lien,carisk partners delayed draw term loan,carisk buyer,carisk partners
"CARISK BUYER, INC.",Carisk Partners (TL),Carisk Partners,First Lien,carisk partners term loan,carisk buyer,carisk partners
"CARISK PARENT, L.P.",Carisk Partners (Equity),Carisk Partners,Common Equity,carisk partners equity,carisk parent l p,carisk partners
"CF512, Inc.",Gen3 Marketing (Term Loan),Gen3 Marketing,First Lien,gen3 marketing term loan,cf512,gen3 marketing
"CF512, Inc. - Unfunded Revolver",Gen3 Marketing (Revolver),Gen3 Marketing,First Lien,gen3 marketing revolver,cf512 unfunded revolver,gen3 marketing
"CF512, Inc. - Unfunded Term Loan",Gen3 Marketing (DDTL),Gen3 Marketing,First Lien,gen3 marketing delayed draw term loan,cf512 unfunded term loan,gen3 marketing
"CHA Holdings, Inc.",CHA Consulting (TL),CHA Consulting,First Lien,cha consulting term loan,cha holdings,cha consulting
"CHA Holdings, Inc. - Unfunded Term Loan",CHA Consulting (DDTL),CHA Consulting,First Lien,cha consulting delayed draw term loan,cha holdings unfunded term loan,cha consulting
"CI (Allied) Investment Holdings, LLC (PRA Events, Inc.)",APRA (Common),APRA,Common Equity,apra common,ci allied investment holdings pra events,apra
"CI (PTN) Investment Holdings II, LLC",PT Network (C. Eq.),,Common Equity,pt network c equity,ci ptn investment holdings ii,
"CI (PTN) Investment Holdings II, LLC(P)",PT Network (P. Eq.),,Preferred Equity,pt network p equity,ci ptn investment holdings ii llcp,
"CI (Summit) Investment Holdings, LLC (SFP Holding, Inc.)",Summit Companies (Common Equity),,Common Equity,summit companies common equity,ci summit investment holdings sfp holding,
"CRANE 1 SERVICES, INC.",Crane 1 (Term Loan),Crane 1,First Lien,crane 1 term loan,crane 1 services,crane 1
"CRANE 1 SERVICES, INC. - Unfunded Revolver",Crane 1 (Revolver),Crane 1,First Lien,crane 1 revolver,crane 1 services unfunded revolver,crane 1
"CRANE 1 SERVICES, INC. - Unfunded Term Loan",Crane 1 (DDTL),Crane 1,First Lien,crane 1 delayed draw term loan,crane 1 services unfunded term loan,crane 1
"Cadence Aerospace, LLC",Cadence Aerospace,Cadence Aerospace,First Lien,cadence aerospace,cadence aerospace,cadence aerospace
Cano Health,Cano Health (Term Loan),,First Lien,cano health term loan,cano health,
"Cano Health, LLC",Cano Health (Term Loan),,Common Equity,cano health term loan,cano health,
"Cano Health, LLC",Cano Health (Term Loan),,First Lien,cano health term loan,cano health,
"Capital Construction, LLC",Stronghouse Solutions (Term Loan),Stronghouse Solutions,First Lien,stronghouse solutions term loan,capital construction,stronghouse solutions
Cardenas Markets LLC,Cardenas,Cardenas,First Lien,cardenas,cardenas markets,cardenas
"Cardinal Logistics Holdings LLC
  (Intermediate Transportation 100, LLC)",Greatwide (Common),Greatwide,Common Equity,greatwide common,cardinal logistics holdings intermediate transportation 100,greatwide
Carnegie Dartlet LLC,Carnegie Dartlet (Term Loan),Carnegie Dartlet,First Lien,carnegie dartlet term loan,carnegie dartlet,carnegie dartlet
Carnegie Dartlet LLC ,Carnegie Dartlet (Term Loan),Carnegie Dartlet,First Lien,carnegie dartlet term loan,carnegie dartlet,carnegie dartlet
Carnegie Dartlet LLC ,Carnegie Dartlet (Revolver),Carnegie Dartlet,First Lien,carnegie dartlet revolver,carnegie dartlet,carnegie dartlet
Carnegie Dartlet LLC ,Carnegie Dartlet (DDTL),Carnegie Dartlet,First Lien,carnegie dartlet delayed draw term loan,carnegie dartlet,carnegie dartlet
"Carnegie HoldCo, LLC ",Carnegie Dartlet (Common Equity),Carnegie Dartlet,Common Equity,carnegie dartlet common equity,carnegie holdco,carnegie dartlet
"Cartessa Aesthetics, LLC",Cartessa (TL),Cartessa,First Lien,cartessa term loan,cartessa aesthetics,cartessa
"Cartessa Aesthetics, LLC (Common)",Cartessa (Common Equity),Cartessa,Common Equity,cartessa common equity,cartessa aesthetics common,cartessa
"Cartessa Aesthetics, LLC - Funded Revolver",Cartessa (Revolver),Cartessa,First Lien,cartessa revolver,cartessa aesthetics funded revolver,cartessa
"Cartessa Aesthetics, LLC - Unfunded Revolver",Cartessa (Revolver),Cartessa,,cartessa revolver,cartessa aesthetics unfunded revolver,cartessa
Cascade Environmental Holdings LLC (13.00% PIK),Cascade (Senior Subordinated Notes),Cascade,Subordinated Debt,cascade senior subordinated notes,cascade environmental holdings 13 00 payment in kind,cascade
Cascade Environmental Holdings LLC (Common),Cascade (Common Equity),Cascade,Common Equity,cascade common equity,cascade environmental holdings common,cascade
Cascade Environmental Holdings LLC (Preffered),Cascade (Preferred Equity),Cascade,Preferred Equity,cascade preferred equity,cascade environmental holdings preffered,cascade
"Cascade Environmental Holdings, LLC",Cascade (Common Equity),Cascade,Common Equity,cascade common equity,cascade environmental holdings,cascade
"Cascade Environmental Holdings, LLC (13.00% PIK)",Cascade (Senior Subordinated Notes),Cascade,Subordinated Debt,cascade senior subordinated notes,cascade environmental holdings 13 00 payment in kind,cascade
"Cascade Environmental Holdings, LLC (Common)",Cascade (Common Equity),Cascade,Common Equity,cascade common equity,cascade environmental holdings common,cascade
"Cascade Environmental Holdings, LLC (Preferred)",Cascade (Preferred Equity),Cascade,Preferred Equity,cascade preferred equity,cascade environmental holdings preferred,cascade
"Case Works, LLC ",Case Works Group (Term Loan) ,Case Works Group,First Lien,case works group term loan,case works,case works group
"Case Works, LLC ",Case Works Group (DDTL) ,Case Works Group,First Lien,case works group delayed draw term loan,case works,case works group
"Case Works, LLC ",Case Works Group (Revolver) ,Case Works Group,First Lien,case works group revolver,case works,case works group
"Challenger Performance Optimization, Inc.",Challenger (TL),Challenger,First Lien,challenger term loan,challenger performance optimization,challenger
"Challenger Performance Optimization, Inc. - Funded Revolver",Challenger (Rev),Challenger,First Lien,challenger revolver,challenger performance optimization funded revolver,challenger
"Challenger Performance Optimization, Inc. - Unfunded Revolver",Challenger (Rev),Challenger,First Lien,challenger revolver,challenger performance optimization unfunded revolver,challenger
"Compex Legal Services, Inc.",Compex (TL),Compex Legal,First Lien,compex term loan,compex legal services,compex legal
"Compex Legal Services, Inc.",Compex (Incremental TL),Compex Legal,First Lien,compex incremental term loan,compex legal services,compex legal
"Compex Legal Services, Inc. ",Compex (TL),Compex Legal,First Lien,compex term loan,compex legal services,compex legal
"Compex Legal Services, Inc. - Funded Revolver",Compex (Rev),Compex Legal,First Lien,compex revolver,compex legal services funded revolver,compex legal
"Compex Legal Services, Inc. - Unfunded Revolver",Compex (Rev),Compex Legal,First Lien,compex revolver,compex legal services unfunded revolver,compex legal
"Compex Legal Services, Inc. - Unfunded Term Loan",Compex (DDTL),Compex Legal,First Lien,compex delayed draw term loan,compex legal services unfunded term loan,compex legal
"Condor Borrower, LLC",Comodo (TL),,Second Lien,comodo term loan,condor borrower,
Condor Holdings Limited,Comodo (P Equity 1),,Preferred Equity,comodo p equity 1,condor holdings,
Condor Top Holdco Limited,Comodo (P Equity 2),,Preferred Equity,comodo p equity 2,condor top holdco,
Confie Seguros Holding Co.,Confie Seguros (TL),Confie Seguros,Second Lien,confie seguros term loan,confie seguros holding,confie seguros
"Confluent Health, LLC",Confluent Health (TL),Confluent Health,First Lien,confluent health term loan,confluent health,confluent health
"Confluent Health, LLC",Confluent Health (Incremental TL),Confluent Health,First Lien,confluent health incremental term loan,confluent health,confluent health
"Confluent Health, LLC - Unfunded Term Loan",Confluent Health (DDTL),Confluent Health,First Lien,confluent health delayed draw term loan,confluent health unfunded term loan,confluent health
"Connatix Buyer, Inc.",Connatix (Term Loan),Connatix,First Lien,connatix term loan,connatix buyer,connatix
"Connatix Buyer, Inc. - Funded Revolver",Connatix (Revolver),Connatix,First Lien,connatix revolver,connatix buyer funded revolver,connatix
"Connatix Buyer, Inc. - Unfunded Revolver",Connatix (Revolver),Connatix,First Lien,connatix revolver,connatix buyer unfunded revolver,connatix
"Connatix Buyer, Inc. - Unfunded Term Loan",Connatix (DDTL),Connatix,First Lien,connatix delayed draw term loan,connatix buyer unfunded term loan,connatix
"Connatix Parent, LLC",Connatix (Common Equity),Connatix,Common Equity,connatix common equity,connatix parent,connatix
"Consello Pacific Aggregator, LLC",ProSearch (Common Equity),ProSearch,Common Equity,prosearch common equity,consello pacific aggregator,prosearch
Convergint,Convergint (TL),Convergint,First Lien,convergint term loan,convergint,convergint
"CoolSys, Inc.",CoolSys (TL),CoolSys,First Lien,coolsys term loan,coolsys,coolsys
"CoolSys, Inc. - Unfunded Term Loan",CoolSys (DDTL),CoolSys,First Lien,coolsys delayed draw term loan,coolsys unfunded term loan,coolsys
"Cornerstone Advisors of Arizona, LLC",Cornerstone Advisors (Revolver),Cornerstone Advisors,First Lien,cornerstone advisors revolver,cornerstone advisors of arizona,cornerstone advisors
"Cornerstone Advisors of Arizona, LLC",Cornerstone Advisors (Term Loan),Cornerstone Advisors,First Lien,cornerstone advisors term loan,cornerstone advisors of arizona,cornerstone advisors
Country Fresh Holding Company Inc.,Country Fresh (Common Equity),Country Fresh,Common Equity,country fresh common equity,country fresh holding,country fresh
"Country Fresh Holdings, LLC",Country Fresh,,First Lien,country fresh,country fresh holdings,
"Country Fresh Holdings, LLC (All PIK)",Country Fresh (2L Term Loan),Country Fresh,Second Lien,country fresh second lien term loan,country fresh holdings all payment in kind,country fresh
"Country Fresh Holdings, LLC - First Out",Country Fresh (Interim Bridge),Country Fresh,First Lien,country fresh interim bridge,country fresh holdings first out,country fresh
"Country Fresh Holdings, LLC - First Out - Unfunded Term Loan",Country Fresh (Interim Bridge DDTL),,First Lien,country fresh interim bridge delayed draw term loan,country fresh holdings first out unfunded term loan,
"Country Fresh Holdings, LLC - Funded Revolver",Country Fresh (Revolver),Country Fresh,First Lien,country fresh revolver,country fresh holdings funded revolver,country fresh
"Country Fresh Holdings, LLC - Super Senior Term Loan",Country Fresh (Super Senior TL),Country Fresh,First Lien,country fresh super senior term loan,country fresh holdings super senior term loan,country fresh
"Country Fresh Holdings, LLC - Unfunded Revolver",Country Fresh (Revolver),Country Fresh,First Lien,country fresh revolver,country fresh holdings unfunded revolver,country fresh
"Cowboy Parent LLC (Blackhawk Industrial Distribution, Inc.)",BlackHawk Industrial (Common Equity),BlackHawk Industrial,Common Equity,blackhawk industrial common equity,cowboy parent blackhawk industrial distribution,blackhawk industrial
"Crane 1 Acquisition Parent Holdings, L.P.",Crane 1 (Common Equity),Crane 1,Common Equity,crane 1 common equity,crane 1 acquisition parent holdings l p,crane 1
"Crane 1 Services, Inc. - Funded Revolver",Crane 1 (Revolver),Crane 1,First Lien,crane 1 revolver,crane 1 services funded revolver,crane 1
"DBI Holding, LLC - Series A-1 (All PIK)",DBI (Preferred),,Preferred Equity,dbi preferred,dbi holding series a 1 all payment in kind,
"DBI Holding, LLC - Series B",DBI (Common),,Common Equity,dbi common,dbi holding series b,
"DBI Holding, LLC - Term Loan B (All PIK)",DBI (Term Loan B),,Second Lien,dbi term loan b,dbi holding term loan b all payment in kind,
"DBI Holding, LLC - Term Loan C (All PIK)",DBI (Term Loan C),,Second Lien,dbi term loan c,dbi holding term loan c all payment in kind,
"DG Investment Intermediate Holdings 2, Inc.",Convergint (TL),Convergint,First Lien,convergint term loan,dg investment intermediate holdings 2,convergint
DRI Holding Inc.,Digital Room,Digital Room,First Lien,digital room,dri holding,digital room
DRI Holding Inc.,Digital Room (Term Loan),Digital Room,First Lien,digital room term loan,dri holding,digital room
DRS Holdings III,Dr. Scholl's (Term Loan),Dr. Scholl's,First Lien,dr scholls term loan,drs holdings iii,dr scholls
"DRS Holdings III, Inc.",Dr. Scholl's (Term Loan),Dr. Scholl's,First Lien,dr scholls term loan,drs holdings iii,dr scholls
"DRS Holdings III, Inc. ",Dr. Scholl's (Term Loan),Dr. Scholl's,First Lien,dr scholls term loan,drs holdings iii,dr scholls
"DRS Holdings III, Inc. - Funded Revolver",Dr. Scholl's (Revolver),Dr. Scholl's,First Lien,dr scholls revolver,drs holdings iii funded revolver,dr scholls
"DRS Holdings III, Inc. - Unfunded Revolver",Dr. Scholl's (Revolver),Dr. Scholl's,First Lien,dr scholls revolver,drs holdings iii unfunded revolver,dr scholls
DX Electric,DX Electric (Revolver),DX Electric,First Lien,dx electric revolver,dx electric,dx electric
"DX Electric Company, LLC",DX Electric (Common Equity),DX Electric,Common Equity,dx electric common equity,dx electric,dx electric
"DX Electric Company, LLC",DX Electric (Term Loan),DX Electric,First Lien,dx electric term loan,dx electric,dx electric
"DX Electric Company, LLC",DX Electric (Revolver),DX Electric,First Lien,dx electric revolver,dx electric,dx electric
"Data Axle, Inc.",Infogroup,Infogroup,Second Lien,infogroup,data axle,infogroup
Datalot Inc.,Datalot (TL),,First Lien,datalot term loan,datalot,
Datalot Inc. - Funded Revolver,Datalot (Revolver),,First Lien,datalot revolver,datalot funded revolver,
Datalot Inc. - Unfunded Revolver,Datalot (Revolver),,First Lien,datalot revolver,datalot unfunded revolver,
DecoPac Holdings Inc.,DecoPac (Equity),,Common Equity,decopac equity,decopac holdings,
"DecoPac, Inc.",DecoPac (Second Lien),,Second Lien,decopac second lien,decopac,
"Deerfield Dakota Holding, LLC",Kroll (TL),Kroll,First Lien,kroll term loan,deerfield dakota holding,kroll
Delta InvestCo LP,Sigma Defense (Equity),Sigma Defense,Common Equity,sigma defense equity,delta investco,sigma defense
"Delta InvestCo LP (Sigma Defense Systems, LLC)",Sigma Defense (Equity),Sigma Defense,Common Equity,sigma defense equity,delta investco sigma defense systems,sigma defense
"Delta InvestCo LP (Sigma Defense Systems, LLC) - Unfunded",Sigma Defense (Equity),Sigma Defense,Common Equity,sigma defense equity,delta investco sigma defense systems unfunded,sigma defense
Delta InvestCo LP - Unfunded,Sigma Defense (Equity),Sigma Defense,Common Equity,sigma defense equity,delta investco unfunded,sigma defense
DermaRite Industries LLC,DermaRite,DermaRite,First Lien,dermarite,dermarite industries,dermarite
Douglas Products and Packaging Company LLC,Douglas (Term Loan),Douglas,First Lien,douglas term loan,douglas products and packaging,douglas
Douglas Products and Packaging Company LLC - Funded Revolver,Douglas (Revolver),Douglas,First Lien,douglas revolver,douglas products and packaging funded revolver,douglas
Douglas Products and Packaging Company LLC - Unfunded Revolver,Douglas (Revolver),Douglas,First Lien,douglas revolver,douglas products and packaging unfunded revolver,douglas
Douglas Products and Packaging Company LLC(1st),Douglas (Term Loan),Douglas,First Lien,douglas term loan,douglas products and packaging llc1st,douglas
"Douglas Sewer Intermediate, LLC",Douglas (Term Loan),Douglas,First Lien,douglas term loan,douglas sewer intermediate,douglas
"Douglas Sewer Intermediate, LLC ",Douglas (Term Loan),Douglas,First Lien,douglas term loan,douglas sewer intermediate,douglas
"Douglas Sewer Intermediate, LLC - Unfunded Term Loan",Douglas (Term Loan),Douglas,First Lien,douglas term loan,douglas sewer intermediate unfunded term loan,douglas
"Dr. Squatch, LLC",Dr. Squatch (Term Loan),Dr. Squatch,First Lien,dr squatch term loan,dr squatch,dr squatch
"Dr. Squatch, LLC - Funded Revolver",Dr. Squatch (Revolver),Dr. Squatch,First Lien,dr squatch revolver,dr squatch funded revolver,dr squatch
"Dr. Squatch, LLC - Revolver",Dr. Squatch (Revolver),Dr. Squatch,First Lien,dr squatch revolver,dr squatch revolver,dr squatch
"Dr. Squatch, LLC - Term Loan",Dr. Squatch (Term Loan),Dr. Squatch,First Lien,dr squatch term loan,dr squatch term loan,dr squatch
"Dr. Squatch, LLC - Unfunded Revolver",Dr. Squatch (Revolver),Dr. Squatch,First Lien,dr squatch revolver,dr squatch unfunded revolver,dr squatch
"Dr. Squatch, LLC - Unfunded Term Loan",Dr. Squatch (DDTL),Dr. Squatch,First Lien,dr squatch delayed draw term loan,dr squatch unfunded term loan,dr squatch
"Duggal Acquisition,  LLC",Duggal (Common Equity),Duggal Visual Solutions,Common Equity,duggal common equity,duggal acquisition,duggal visual solutions
"Duggal Acquisition,  LLC",Duggal (Term Loan),Duggal Visual Solutions,First Lien,duggal term loan,duggal acquisition,duggal visual solutions
"Duggal Acquisition,  LLC",Duggal (DDTL),Duggal Visual Solutions,First Lien,duggal delayed draw term loan,duggal acquisition,duggal visual solutions
"Duggal Acquisition,  LLC",Duggal (Revolver),Duggal Visual Solutions,First Lien,duggal revolver,duggal acquisition,duggal visual solutions
Duraco Specialty Tapes LLC,Duraco (Term Loan),The Duraco Group,First Lien,duraco term loan,duraco specialty tapes,the duraco group
Duraco Specialty Tapes LLC - Unfunded Term Loan,Duraco (DDTL),The Duraco Group,First Lien,duraco delayed draw term loan,duraco specialty tapes unfunded term loan,the duraco group
ECL Entertainment,ECL Entertainment (Term Loan),ECL Entertainment,First Lien,ecl entertainment term loan,ecl entertainment,ecl entertainment
"ECL Entertainment, LLC",ECL Entertainment (Term Loan),ECL Entertainment,First Lien,ecl entertainment term loan,ecl entertainment,ecl entertainment
"ECM Industries, LLC",ECM Industries (TL),ECM Industries,First Lien,ecm industries term loan,ecm industries,ecm industries
"ECM Industries, LLC - Funded Revolver",ECM Industries (RC),ECM Industries,First Lien,ecm industries revolver,ecm industries funded revolver,ecm industries
"ECM Industries, LLC - Unfunded Revolver",ECM Industries (RC),ECM Industries,First Lien,ecm industries revolver,ecm industries unfunded revolver,ecm industries
"ECM Investors, LLC",ECM Industries (Common Equity),ECM Industries,Common Equity,ecm industries common equity,ecm investors,ecm industries
"ECM Investors, LLC (Common)",ECM Industries (Common Equity),ECM Industries,Common Equity,ecm industries common equity,ecm investors common,ecm industries
"EDS Buyer, LLC",Epiq (TL),Epiq,First Lien,epiq term loan,eds buyer,epiq
"EDS Buyer, LLC",Epiq (Revolver),Epiq,First Lien,epiq revolver,eds buyer,epiq
"EDS Buyer, LLC ",Epiq (DDTL),Epiq,First Lien,epiq delayed draw term loan,eds buyer,epiq
"EDS Topco, LLC",Epiq (Common),Epiq,Common Equity,epiq common,eds topco,epiq
ENC Parent Corporation,Evans Network (1L),Evans Network,First Lien,evans network first lien,enc parent corporation,evans network
ENC Parent Corporation,Evans Network (2L),Evans Network,Second Lien,evans network second lien,enc parent corporation,evans network
ETE INTERMEDIATE II LLC,Engine & Transmission Exchange (Term Loan),Engine & Transmission Exchange,First Lien,engine transmission exchange term loan,ete intermediate ii,engine transmission exchange
ETE INTERMEDIATE II LLC,Engine & Transmission Exchange (Revolver),Engine & Transmission Exchange,First Lien,engine transmission exchange revolver,ete intermediate ii,engine transmission exchange
"ETX Energy Management Company, LLC (f/k/a NGR Management Company, LLC)",New Gulf Resources (Common),New Gulf Resources,Common Equity,new gulf resources common,etx energy management f k a ngr management,new gulf resources
"ETX Energy, LLC",New Gulf Resources (Preferred),New Gulf Resources,Preferred Equity,new gulf resources preferred,etx energy,new gulf resources
"ETX Energy, LLC (f/k/a New Gulf Resources, LLC)",New Gulf Resources (Common),New Gulf Resources,Common Equity,new gulf resources common,etx energy f k a new gulf resources,new gulf resources
EVAL HOME HEALTH SOLUTIONS INTERMEDIATE L.L.C.,EvAl (Term Loan),EvAl,First Lien,eval term loan,eval home health solutions intermediate l l c,eval
EVAL HOME HEALTH SOLUTIONS INTERMEDIATE L.L.C.,EvAl (Revolver),EvAl,First Lien,eval revolver,eval home health solutions intermediate l l c,eval
"EVAL HOME HEALTH SOLUTIONS, L.L.C.",EvAl (Common Equity),EvAl,Common Equity,eval common equity,eval home health solutions l l c,eval
"EXPRESS WASH ACQUISITION COMPANY, LLC",Magnolia (Subordinated Debt),Magnolia,Subordinated Debt,magnolia subordinated debt,express wash acquisition,magnolia
East Valley Tourist Development Authority,Fantasy Springs,,First Lien,fantasy springs,east valley tourist development authority,
"Education Networks of America, Inc.",Education Networks (TL),,First Lien,education networks term loan,education networks of america,
"Education Networks of America, Inc. (2.50% PIK)",Education Networks (TL),,First Lien,education networks term loan,education networks of america 2 50 payment in kind,
"Education Networks of America, Inc. - Funded Revolver",Education Networks (Revolver),,First Lien,education networks revolver,education networks of america funded revolver,
"Education Networks of America, Inc. - Unfunded Revolver",Education Networks (Revolver),,First Lien,education networks revolver,education networks of america unfunded revolver,
"Efficient Collaborative Retail Marketing Company, LLC",ECRM,ECRM,First Lien,ecrm,efficient collaborative retail marketing,ecrm
"Eisner Advisory Group, LLC",EisnerAmper (Term Loan B),EisnerAmper,First Lien,eisneramper term loan b,eisner advisory group,eisneramper
Electro Rent Corporation,Electro Rent,Electro Rent,Second Lien,electro rent,electro rent corporation,electro rent
Electro Rent Corporation,Electro Rent (1L),Electro Rent,First Lien,electro rent first lien,electro rent corporation,electro rent
Emergency Care Partners LLC,Emergency Care Partners (DDTL),Emergency Care Partners,First Lien,emergency care partners delayed draw term loan,emergency care partners,emergency care partners
Emergency Care Partners LLC,Emergency Care Partners (Term Loan),Emergency Care Partners,First Lien,emergency care partners term loan,emergency care partners,emergency care partners
Emergency Care Partners LLC,Emergency Care Partners (Revolver),Emergency Care Partners,First Lien,emergency care partners revolver,emergency care partners,emergency care partners
"Empire Resorts, Inc.",Empire Resorts,,First Lien,empire resorts,empire resorts,
"Events Buyer, LLC",360DG (Revolver),360DG,First Lien,360dg revolver,events buyer,360dg
"Events Buyer, LLC",360DG (Term Loan),360DG,First Lien,360dg term loan,events buyer,360dg
"Events Buyer, LLC",360DG (DDTL B),360DG,First Lien,360dg delayed draw term loan b,events buyer,360dg
"Events Buyer, LLC",360DG (DDTL A),360DG,First Lien,360dg delayed draw term loan a,events buyer,360dg
"Events Buyer, LLC",360DG (Common Equity),360DG,First Lien,360dg common equity,events buyer,360dg
"Events TopCo, LP ",360DG (Common Equity),360DG,Common Equity,360dg common equity,events topco,360dg
"Exigo Intermediate II, LLC",Exigo (Term Loan),Exigo,First Lien,exigo term loan,exigo intermediate ii,exigo
"Exigo Intermediate II, LLC - Funded Revolver",Exigo (Revolver),Exigo,First Lien,exigo revolver,exigo intermediate ii funded revolver,exigo
"Exigo Intermediate II, LLC - Unfunded Revolver",Exigo (Revolver),Exigo,First Lien,exigo revolver,exigo intermediate ii unfunded revolver,exigo
"Exigo Intermediate II, LLC - Unfunded Term Loan",Exigo (DDTL),Exigo,First Lien,exigo delayed draw term loan,exigo intermediate ii unfunded term loan,exigo
Exigo LLC - Equity,Exigo (Common Equity),Exigo,Common Equity,exigo common equity,exigo equity,exigo
"Exigo, LLC",Exigo (Common Equity),Exigo,Common Equity,exigo common equity,exigo,exigo
"Express Wash Acquisition Company, LLC",Magnolia (First Lien Term Loan),Magnolia,First Lien,magnolia first lien term loan,express wash acquisition,magnolia
"Express Wash Acquisition Company, LLC",Magnolia (Revolver),Magnolia,First Lien,magnolia revolver,express wash acquisition,magnolia
"Express Wash Topco, LLC",Magnolia (Common Equity),Magnolia,Common Equity,magnolia common equity,express wash topco,magnolia
"Express Wash Topco, LLC",Magnolia (Preferred Equity),Magnolia,Common Equity,magnolia preferred equity,express wash topco,magnolia
EyeCare Partners,Eyecare Partners (SOTL),EyeCare Partners,Second Lien,eyecare partners sotl,eyecare partners,eyecare partners
Fairbanks More Defense,Fairbanks Morse Defense (Term Loan),Fairbanks Morse Defense,First Lien,fairbanks morse defense term loan,fairbanks more defense,fairbanks morse defense
Fairbanks Morse Defense,Fairbanks Morse Defense (Term Loan),Fairbanks Morse Defense,First Lien,fairbanks morse defense term loan,fairbanks morse defense,fairbanks morse defense
"Falcon Investment Holdings, L.P.",nThrive (Senior Common Equity),nThrive,Common Equity,nthrive senior common equity,falcon investment holdings l p,nthrive
"Falcon Investment Holdings, L.P. - Funded Senior Common Equity",nThrive (Senior Common Equity),nThrive,Common Equity,nthrive senior common equity,falcon investment holdings l p funded senior common equity,nthrive
"Falcon Investment Holdings, L.P. - Unfunded",nThrive (Senior Common Equity - Unfunded),nThrive,Common Equity,nthrive senior common equity unfunded,falcon investment holdings l p unfunded,nthrive
"Falcon Investment Holdings, L.P. - Unfunded Senior Common Equity",nThrive (Senior Common Equity - Unfunded),nThrive,Common Equity,nthrive senior common equity unfunded,falcon investment holdings l p unfunded senior common equity,nthrive
FedHC InvestCo II LP,Federal Advisory Partners (Common Equity),Federal Advisory Partners,Common Equity,federal advisory partners common equity,fedhc investco ii,federal advisory partners
FedHC InvestCo LP,Federal Advisory Partners (Common Equity),Federal Advisory Partners,Common Equity,federal advisory partners common equity,fedhc investco,federal advisory partners
FedHC InvestCo LP - Unfunded,Federal Advisory Partners (Common Equity),Federal Advisory Partners,Common Equity,federal advisory partners common equity,fedhc investco unfunded,federal advisory partners
Findex Group Limited,Findex (TL),Findex,First Lien,findex term loan,findex group,findex
"First Medical MSO, LLC",First Medical Associates (DDTL),First Medical Associates,First Lien,first medical associates delayed draw term loan,first medical mso,first medical associates
"First Medical MSO, LLC",First Medical Associates (Term Loan),First Medical Associates,First Lien,first medical associates term loan,first medical mso,first medical associates
"First Medical MSO, LLC",First Medical Associates (Revolver),First Medical Associates,First Lien,first medical associates revolver,first medical mso,first medical associates
"First Medical MSO, LLC",First Medical Associates (Common Equity),First Medical Associates,Common Equity,first medical associates common equity,first medical mso,first medical associates
"Five Star Buyer, Inc. - Revolver",Five Star (Revolver),Five Star,First Lien,five star revolver,five star buyer revolver,five star
"Five Star Buyer, Inc. - Revolver ",Five Star (Revolver),First Star,First Lien,five star revolver,five star buyer revolver,first star
"Five Star Buyer, Inc. - Unfunded Term Loan ",Five Star (DDTLB),First Star,First Lien,five star delayed draw term loan b,five star buyer unfunded term loan,first star
"Five Star Buyer, Inc. ",Five Star (TL),First Star,First Lien,five star term loan,five star buyer,first star
"Five Star Buyer, Inc. ",Five Star (Preferred Equity),First Star,First Lien,five star preferred equity,five star buyer,first star
"Five Star Parent Holdings, LLC",Five Star (Common Equity),Five Star,Common Equity,five star common equity,five star parent holdings,five star
"Five Star Parent Holdings, LLC  ",Five Star (Common Equity),First Star,Common Equity,five star common equity,five star parent holdings,first star
"FlexPrint, LLC",FlexPrint (Term Loan),,First Lien,flexprint term loan,flexprint,
"FlexPrint, LLC - DDTL",FlexPrint (DDTL),,First Lien,flexprint delayed draw term loan,flexprint delayed draw term loan,
"FlexPrint, LLC - Unfunded Term Loan",FlexPrint (DDTL),,First Lien,flexprint delayed draw term loan,flexprint unfunded term loan,
"Flock Financial, LLC",Flock Financial (Mezzanine),Flock Financial,Subordinated Debt,flock financial mezzanine,flock financial,flock financial
GAUGE ETE BLOCKER LLC,Engine & Transmission Exchange (Promissory Note),Engine & Transmission Exchange,Promissory Note,engine transmission exchange promissory note,gauge ete blocker,engine transmission exchange
GAUGE ETE BLOCKER LLC,Engine & Transmission Exchange (Common Equity),Engine & Transmission Exchange,Common Equity,engine transmission exchange common equity,gauge ete blocker,engine transmission exchange
GCOM InvestCo LP,GCOM (Common Equity),GCOM,Common Equity,gcom common equity,gcom investco,gcom
GCOM InvestCo LP (Unfunded),GCOM (Common Equity),GCOM,Common Equity,gcom common equity,gcom investco unfunded,gcom
GCOM Software LLC,GCOM (Term Loan),GCOM,First Lien,gcom term loan,gcom software,gcom
GCOM Software LLC ,GCOM (Term Loan),GCOM,First Lien,gcom term loan,gcom software,gcom
GCOM Software LLC - Funded Revolver,GCOM (Revolver),GCOM,First Lien,gcom revolver,gcom software funded revolver,gcom
GCOM Software LLC - Unfunded Revolver,GCOM (Revolver),GCOM,First Lien,gcom revolver,gcom software unfunded revolver,gcom
"GCP Boss Holdco, LLC",Boss Industries (Common Equity),Boss Industries,Common Equity,boss industries common equity,gcp boss holdco,boss industries
"GGG Midco, LLC",Guild Garage Group (DDTL),Guild Garage Group,First Lien,guild garage group delayed draw term loan,ggg midco,guild garage group
"GGG Midco, LLC",Guild Garage Group (Term Loan),Guild Garage Group,First Lien,guild garage group term loan,ggg midco,guild garage group
"GGG Midco, LLC",Guild Garage Group (Revolver),Guild Garage Group,First Lien,guild garage group revolver,ggg midco,guild garage group
"GGG Topco, LLC",Guild Garage Group (Common Equity),Guild Garage Group,Common Equity,guild garage group common equity,ggg topco,guild garage group
"GLD, LLC",GLD (Term Loan),GLD,First Lien,gld term loan,gld,gld
"GMP HILLS, LP",Plimpton & Hills (Common Equity),Plimpton & Hills,Common Equity,plimpton hills common equity,gmp hills,plimpton hills
"GRAFFITI BUYER, INC.",Painters Supply and Equipment (Term Loan),Painters Supply and Equipment,First Lien,painters supply and equipment term loan,graffiti buyer,painters supply and equipment
"GRAFFITI BUYER, INC. - Unfunded Revolver",Painters Supply and Equipment (Revolver),Painters Supply and Equipment,First Lien,painters supply and equipment revolver,graffiti buyer unfunded revolver,painters supply and equipment
"GRAFFITI BUYER, INC. - Unfunded Term Loan",Painters Supply and Equipment (DDTL),Painters Supply and Equipment,First Lien,painters supply and equipment delayed draw term loan,graffiti buyer unfunded term loan,painters supply and equipment
Gantech Acquisition Corp.,GCOM (Term Loan),GCOM,First Lien,gcom term loan,gantech acquisition,gcom
Gantech Acquisition Corp. - Funded Revolver,GCOM (Revolver),GCOM,First Lien,gcom revolver,gantech acquisition funded revolver,gcom
Gantech Acquisition Corp. - Unfunded Revolver,GCOM (Revolver),GCOM,First Lien,gcom revolver,gantech acquisition unfunded revolver,gcom
Gauge Infosoft Coinvest LLC,Infosoft (Common Equity),Infosoft,Common Equity,infosoft common equity,gauge infosoft coinvest,infosoft
"Gauge InfosoftCoInvest, LLC (The Infosoft Group, LLC)",Infosoft (Common Equity),Infosoft,Common Equity,infosoft common equity,gauge infosoftcoinvest the infosoft group,infosoft
Gauge Lash Coinvest LLC,Lilly Lashes (Equity),Lilly Lashes,Common Equity,lilly lashes equity,gauge lash coinvest,lilly lashes
Gauge Loving Tan LP,Loving Tan (Equity),Loving Tan,Common Equity,loving tan equity,gauge loving tan,loving tan
Gauge Schlesinger Coinvest LLC,Schlesinger (Term Loan),Schlesinger,Term Loan,schlesinger term loan,gauge schlesinger coinvest,schlesinger
Gauge Schlesinger Coinvest LLC,Schlesinger (Equity),Schlesinger,Common Equity,schlesinger equity,gauge schlesinger coinvest,schlesinger
"Gauge TVC Coinvest, LLC (TVC Enterprises, LLC)",TVC (Equity),TVC,Common Equity,tvc equity,gauge tvc coinvest tvc enterprises,tvc
"Gen3 Marketing, LLC - Unfunded Revolver",Gen3 Marketing (Revolver),Gen3 Marketing,First Lien,gen3 marketing revolver,gen3 marketing unfunded revolver,gen3 marketing
"Gen3 Marketing, LLC - Unfunded Term Loan",Gen3 Marketing (DDTL),Gen3 Marketing,First Lien,gen3 marketing delayed draw term loan,gen3 marketing unfunded term loan,gen3 marketing
Global Holdings InterCo LLC,Global (Term Loan),Global,First Lien,global term loan,global holdings interco,global
"Go Dawgs Capital III, LP (American Insulated Glass, LLC)",American Insulated Glass (Common Equity),American Insulated Glass,Common Equity,american insulated glass common equity,go dawgs capital iii american insulated glass,american insulated glass
Good2Grow LLC,Good2Grow (Term Loan),Good2Grow,First Lien,good2grow term loan,good2grow,good2grow
Good2Grow LLC - Funded Revolver,Good2Grow (Revolver),Good2Grow,First Lien,good2grow revolver,good2grow funded revolver,good2grow
Good2Grow LLC - Unfunded Revolver,Good2Grow (Revolver),Good2Grow,First Lien,good2grow revolver,good2grow unfunded revolver,good2grow
Good2Grow LLC - Unfunded Revolver - LC,Good2Grow (Revolver),Good2Grow,First Lien,good2grow revolver,good2grow unfunded revolver lc,good2grow
"Graffiti Buyer, Inc. - Funded Revolver",Painters Supply and Equipment (Revolver),Painters Supply and Equipment,First Lien,painters supply and equipment revolver,graffiti buyer funded revolver,painters supply and equipment
"Green Veracity Holdings, LP - Class A (VT Topco, Inc.)",Veritext (Equity),Veritext,Common Equity,veritext equity,green veracity holdings class a vt topco,veritext
HEC Purchaser Corp,Health-E Commerce (Term Loan),Health-E Commerce,First Lien,health e commerce term loan,hec purchaser,health e commerce
"HILLS DISTRIBUTION, INC.",Plimpton & Hills (TL),Plimpton & Hills,First Lien,plimpton hills term loan,hills distribution,plimpton hills
"HILLS DISTRIBUTION, INC.",Plimpton & Hills (DDTL),Plimpton & Hills,First Lien,plimpton hills delayed draw term loan,hills distribution,plimpton hills
"HPA SPQ Aggregator, LP - Equity",Sparq (Common Equity),Sparq,Common Equity,sparq common equity,hpa spq aggregator equity,sparq
"HPA SPQ Buyer, Inc. - DDTL",Sparq (DDTL),Sparq,First Lien,sparq delayed draw term loan,hpa spq buyer delayed draw term loan,sparq
"HPA SPQ Buyer, Inc. - Revolver",Sparq (Revolver),Sparq,First Lien,sparq revolver,hpa spq buyer revolver,sparq
"HPA SPQ Buyer, Inc. - Term Loan",Sparq (TL),Sparq,First Lien,sparq term loan,hpa spq buyer term loan,sparq
"HUCKABEE ACQUISITION, LLC",MOREgroup (DDTL),MOREgroup,First Lien,moregroup delayed draw term loan,huckabee acquisition,moregroup
"HUCKABEE ACQUISITION, LLC",MOREgroup (Revolver),MOREgroup,First Lien,moregroup revolver,huckabee acquisition,moregroup
"HUCKABEE ACQUISITION, LLC",MOREgroup (Term Loan),MOREgroup,First Lien,moregroup term loan,huckabee acquisition,moregroup
"HV Watterson Holdings, LLC",Watterson (TL),Watterson,First Lien,watterson term loan,hv watterson holdings,watterson
"HV Watterson Holdings, LLC (Common)",Watterson (Equity),Watterson,Common Equity,watterson equity,hv watterson holdings common,watterson
"HV Watterson Holdings, LLC - Unfunded Revolver",Watterson (Revolver),Watterson,First Lien,watterson revolver,hv watterson holdings unfunded revolver,watterson
"HV Watterson Holdings, LLC - Unfunded Term Loan",Watterson (DDTL),Watterson,First Lien,watterson delayed draw term loan,hv watterson holdings unfunded term loan,watterson
"HV Watterson Parent, LLC",Watterson (Equity),Watterson,Common Equity,watterson equity,hv watterson parent,watterson
"HW Holdco, LLC",Hanley Wood (TL),Hanley Wood,First Lien,hanley wood term loan,hw holdco,hanley wood
"HW Holdco, LLC - DDTL",Hanley Wood (DDTL),Hanley Wood,First Lien,hanley wood delayed draw term loan,hw holdco delayed draw term loan,hanley wood
"HW Holdco, LLC - Funded Revolver",Hanley Wood (Revolver),Hanley Wood,First Lien,hanley wood revolver,hw holdco funded revolver,hanley wood
"HW Holdco, LLC - Unfunded Revolver",Hanley Wood (Revolver),Hanley Wood,First Lien,hanley wood revolver,hw holdco unfunded revolver,hanley wood
"HW Holdco, LLC - Unfunded Term Loan",Hanley Wood (DDTL),Hanley Wood,First Lien,hanley wood delayed draw term loan,hw holdco unfunded term loan,hanley wood
"HW Holdco, LLC(C) ",,,,,hw holdco llcc,
"HW Holdco, LLC(P) ",,,,,hw holdco llcp,
"HW Holdco, LLC.",Hanley Wood (TL),Hanley Wood,First Lien,hanley wood term loan,hw holdco,hanley wood
"Halo Buyer, Inc.",Halo (Revolver),HALO,First Lien,halo revolver,halo buyer,halo
"Halo Buyer, Inc.",Halo (Term Loan),HALO,First Lien,halo term loan,halo buyer,halo
"Hancock Claims Consultants Investors, LLC",Hancock (Common Equity),Hancock,Common Equity,hancock common equity,hancock claims consultants investors,hancock
Hancock Roofing and Construction L.L.C.,Hancock (Term Loan),Hancock,First Lien,hancock term loan,hancock roofing and construction l l c,hancock
Hancock Roofing and Construction L.L.C. - Common Equity,Hancock (Common Equity),Hancock,Common Equity,hancock common equity,hancock roofing and construction l l c common equity,hancock
Hancock Roofing and Construction L.L.C. - DDTL,Hancock (DDTL),Hancock,First Lien,hancock delayed draw term loan,hancock roofing and construction l l c delayed draw term loan,hancock
Hancock Roofing and Construction L.L.C. - Funded Revolver,Hancock (Revolver),Hancock,First Lien,hancock revolver,hancock roofing and construction l l c funded revolver,hancock
Hancock Roofing and Construction L.L.C. - Term Loan,Hancock (Term Loan),Hancock,First Lien,hancock term loan,hancock roofing and construction l l c term loan,hancock
Hancock Roofing and Construction L.L.C. - Unfunded Revolver,Hancock (Revolver),Hancock,First Lien,hancock revolver,hancock roofing and construction l l c unfunded revolver,hancock
Hancock Roofing and Construction L.L.C. - Unfunded Term Loan,Hancock (DDTL),Hancock,First Lien,hancock delayed draw term loan,hancock roofing and construction l l c unfunded term loan,hancock
Harris & Co. LLC,Harris (Revolver),Harris,First Lien,harris revolver,harris,harris
Harris & Co. LLC,Harris (Term Loan),Harris,First Lien,harris term loan,harris,harris
Harris & Co. LLC,Harris (DDTL B),Harris,First Lien,harris delayed draw term loan b,harris,harris
Harris & Co. LLC,Harris (DDTL A),Harris,First Lien,harris delayed draw term loan a,harris,harris
HelpSystems,HelpSystems (TL),HelpSystems,First Lien,helpsystems term loan,helpsystems,helpsystems
"Hightower Holding, LLC",Hightower (Term Loan),Hightower,First Lien,hightower term loan,hightower holding,hightower
"Highwire Public Relations, LLC",Highwire (Term Loan),Highwire,First Lien,highwire term loan,highwire public relations,highwire
"Highwire Public Relations, LLC",Highwire (Revolver),Highwire,First Lien,highwire revolver,highwire public relations,highwire
"Highwire Public Relations, LLC",Highwire (DDTL),Highwire,First Lien,highwire delayed draw term loan,highwire public relations,highwire
"HoldCo Sands Intermediate, LLC  A/K/A Smartronix (New Issue)",Smartronix / Trident (TL),Smartronix / Trident,First Lien,smartronix trident term loan,holdco sands intermediate a k a smartronix new issue,smartronix trident
"Holdco Sands Intermediate, LLC",Smartronix / Trident (TL),Smartronix / Trident,First Lien,smartronix trident term loan,holdco sands intermediate,smartronix trident
"Holdco Sands Intermediate, LLC - Unfunded Revolver",Smartronix / Trident (Revolver),Smartronix / Trident,First Lien,smartronix trident revolver,holdco sands intermediate unfunded revolver,smartronix trident
"Hollander Sleep Products, LLC",Hollander,,First Lien,hollander,hollander sleep products,
"Hollander Sleep Products, LLC - DIP Funded",Hollander (DIP Term Loan),,First Lien,hollander debtor in possession term loan,hollander sleep products debtor in possession funded,
"Hollander Sleep Products, LLC - DIP Unfunded",Hollander (DIP Term Loan),,First Lien,hollander debtor in possession term loan,hollander sleep products debtor in possession unfunded,
"IDC Infusion Services, Inc.",IDC Infusion Services (Term Loan),IDC Infusion Services,First Lien,idc infusion services term loan,idc infusion services,idc infusion services
"IDC Infusion Services, Inc. - Funded Revolver",IDC Infusion Services (Revolver),IDC Infusion Services,First Lien,idc infusion services revolver,idc infusion services funded revolver,idc infusion services
"IDC Infusion Services, Inc. - Unfunded Revolver",IDC Infusion Services (Revolver),IDC Infusion Services,First Lien,idc infusion services revolver,idc infusion services unfunded revolver,idc infusion services
"IDC Infusion Services, Inc. - Unfunded Term Loan",IDC Infusion Services (DDTL),IDC Infusion Services,First Lien,idc infusion services delayed draw term loan,idc infusion services unfunded term loan,idc infusion services
"IG Investments Holdings, LLC",Insight Global (TL),Insight Global,First Lien,insight global term loan,ig investments holdings,insight global
"IG Investments Holdings, LLC - Funded Revolver",Insight Global (Rev),Insight Global,First Lien,insight global revolver,ig investments holdings funded revolver,insight global
"IG Investments Holdings, LLC - Unfunded Revolver",Insight Global (Rev),Insight Global,First Lien,insight global revolver,ig investments holdings unfunded revolver,insight global
"IHS Parent Holdings, L.P.",Infinity Home Services (Common Equity),Infinity Home Services,Common Equity,infinity home services common equity,ihs parent holdings l p,infinity home services
"IIN Group Holdings, LLC (Integrative Nutrition, LLC)",Integrative Nutrition (Equity),Integrative Nutrition,Common Equity,integrative nutrition equity,iin group holdings integrative nutrition,integrative nutrition
"IMIA Holdings, Inc.",IMIA (Term Loan),,First Lien,imia term loan,imia holdings,
"IMIA Holdings, Inc. - Funded Revolver",IMIA (Revolver),,First Lien,imia revolver,imia holdings funded revolver,
"IMIA Holdings, Inc. - Term Loan",IMIA (Term Loan),,First Lien,imia term loan,imia holdings term loan,
"IMIA Holdings, Inc. - Unfunded Revolver",IMIA (Revolver),,First Lien,imia revolver,imia holdings unfunded revolver,
"IMIA Holdings, Inc. - Unfunded Revolver - LC",IMIA (Revolver),,First Lien,imia revolver,imia holdings unfunded revolver lc,
"IMPACT ADVISORS, LLC",Impact Advisors (Revolver),Impact Advisors,First Lien,impact advisors revolver,impact advisors,impact advisors
"IMPACT ADVISORS, LLC",Impact Advisors (DDTL),Impact Advisors,First Lien,impact advisors delayed draw term loan,impact advisors,impact advisors
"IMPACT ADVISORS, LLC",Impact Advisors (Term Loan),Impact Advisors,First Lien,impact advisors term loan,impact advisors,impact advisors
"ITC INFUSION CO-INVEST, LP",IDC Infusion Services (Common Equity),IDC Infusion Services,Common Equity,idc infusion services common equity,itc infusion invest,idc infusion services
"ITC Rumba, LLC (Cano Health, LLC)",Cano Health (Equity),Cano Health,Common Equity,cano health equity,itc rumba cano health,cano health
"ITC Rumba, LLC (Cano Health, LLC) - Unfunded",Cano Health (Equity),Cano Health,Common Equity,cano health equity,itc rumba cano health unfunded,cano health
"ITC Rumba, LLC - Unfunded (Cano Health, LLC)",Cano Health (Equity),Cano Health,Common Equity,cano health equity,itc rumba unfunded cano health,cano health
"ITI Holdings, Inc.","Intellectual Technology, Inc. (TL)",Intellectual Technology,First Lien,intellectual technology term loan,iti holdings,intellectual technology
"ITI Holdings, Inc. - Unfunded Revolver","Intellectual Technology, Inc. (Rev)",Intellectual Technology,First Lien,intellectual technology revolver,iti holdings unfunded revolver,intellectual technology
"Icon Partners III, LP",Wheel Pros (1L),Wheel Pros,First Lien,wheel pros first lien,icon partners iii,wheel pros
"Icon Partners III, LP (Wheel Pros Holdings, L.P.)",Wheel Pros (Equity),Wheel Pros,Common Equity,wheel pros equity,icon partners iii wheel pros holdings l p,wheel pros
"Icon Partners III, LP (Wheel Pros Holdings, L.P.) - Unfunded",Wheel Pros (Equity),Wheel Pros,Common Equity,wheel pros equity,icon partners iii wheel pros holdings l p unfunded,wheel pros
"Icon Partners III, LP - Term Loan",Wheel Pros (1L),Wheel Pros,First Lien,wheel pros first lien,icon partners iii term loan,wheel pros
"Icon Partners V C, L.P.",Symplr (Common Equity),Symplr,Common Equity,symplr common equity,icon partners v c l p,symplr
"Icon Partners V C, L.P. - Unfunded",Symplr (Common Equity - Unfunded),Symplr,Common Equity,symplr common equity unfunded,icon partners v c l p unfunded,symplr
"Icon Partners V, L.P. - Funded Common Equity",Symplr (Common Equity),Symplr,Common Equity,symplr common equity,icon partners v l p funded common equity,symplr
"Icon Partners V, L.P. - Unfunded Common Equity",Symplr (Common Equity - Unfunded),Symplr,Common Equity,symplr common equity unfunded,icon partners v l p unfunded common equity,symplr
"Idera, Inc.",Idera (Term Loan),Idera,First Lien,idera term loan,idera,idera
"Imagine Acquisitionco, LLC",ImagineAcquisitionCo (Term Loan),ImagineAcquisitionCo,First Lien,imagineacquisitionco term loan,imagine acquisitionco,imagineacquisitionco
"Imagine Acquisitionco, LLC - Unfunded Revolver",ImagineAcquisitionCo (Revolver),ImagineAcquisitionCo,First Lien,imagineacquisitionco revolver,imagine acquisitionco unfunded revolver,imagineacquisitionco
"Imagine Acquisitionco, LLC - Unfunded Term Loan",ImagineAcquisitionCo (DDTL),ImagineAcquisitionCo,First Lien,imagineacquisitionco delayed draw term loan,imagine acquisitionco unfunded term loan,imagineacquisitionco
"Imagine Topco, LP (Common)",Imagine Topco. L.P. (Common Equity - Series B),ImagineAcquisitionCo,Common Equity,imagine topco l p common equity series b,imagine topco common,imagineacquisitionco
"Imagine Topco, LP (Preferred)",Imagine Topco. L.P. (Preferred Equity - Series A),ImagineAcquisitionCo,Preferred Equity,imagine topco l p preferred equity series a,imagine topco preferred,imagineacquisitionco
Imagine Topco. L.P. - Common Equity,Imagine Topco. L.P. (Common Equity - Series B),ImagineAcquisitionCo,Common Equity,imagine topco l p common equity series b,imagine topco l p common equity,imagineacquisitionco
Imagine Topco. L.P. - Preferred Equity,Imagine Topco. L.P. (Preferred Equity - Series A),ImagineAcquisitionCo,Preferred Equity,imagine topco l p preferred equity series a,imagine topco l p preferred equity,imagineacquisitionco
"Inception Fertility Ventures, LLC",Prelude (Term Loan),Prelude,First Lien,prelude term loan,inception fertility ventures,prelude
"Inception Fertility Ventures, LLC - Incremental Term Loan)",Prelude (Incremental Term Loan),Prelude,First Lien,prelude incremental term loan,inception fertility ventures incremental term loan,prelude
"Inception Fertility Ventures, LLC - Unfunded DDTL",Prelude (DDTL),Prelude,First Lien,prelude delayed draw term loan,inception fertility ventures unfunded delayed draw term loan,prelude
"Inception Fertility Ventures, LLC - Unfunded Term Loan",Prelude (DDTL),Prelude,First Lien,prelude delayed draw term loan,inception fertility ventures unfunded term loan,prelude
"Infinity Home Services Holdco, Inc.",Infinity Home Services (Common Equity),Infinity Home Services,Common Equity,infinity home services common equity,infinity home services holdco,infinity home services
"Infinity Home Services Holdco, Inc.",Infinity Home Services (Term Loan),Infinity Home Services,First Lien,infinity home services term loan,infinity home services holdco,infinity home services
"Infinity Home Services Holdco, Inc. (CAD)",Infinity Home Services (DDTL),Infinity Home Services,First Lien,infinity home services delayed draw term loan,infinity home services holdco cad,infinity home services
"Infinity Home Services Holdco, Inc. (CAD)",Infinity Home Services (DDTL) CAD,Infinity Home Services,First Lien,infinity home services delayed draw term loan cad,infinity home services holdco cad,infinity home services
"Infinity Home Services Holdco, Inc. - Delayed Draw Term Loan",Infinity Home Services (DDTL),Infinity Home Services,First Lien,infinity home services delayed draw term loan,infinity home services holdco delayed draw term loan,infinity home services
"Infinity Home Services Holdco, Inc. - Revolver",Infinity Home Services (Revolver),Infinity Home Services,First Lien,infinity home services revolver,infinity home services holdco revolver,infinity home services
"Infogroup Parent Holdings, Inc.",Infogroup (C Equity),Infogroup,Common Equity,infogroup c equity,infogroup parent holdings,infogroup
"Infogroup Parent Holdings, Inc. (Data Axle, Inc.)",Infogroup (C Equity),Infogroup,Common Equity,infogroup c equity,infogroup parent holdings data axle,infogroup
"Infogroup, Inc.",Infogroup,Infogroup,Second Lien,infogroup,infogroup,infogroup
Infolinks (Common Equity),Infolinks (Common Equity),Infolinks,Common Equity,infolinks common equity,infolinks common equity,infolinks
"Infolinks Media Buyco, LLC",Infolinks (TL),Infolinks,First Lien,infolinks term loan,infolinks media buyco,infolinks
"Infolinks Media Buyco, LLC- Unfunded Term Loan",Infolinks (DDTL),Infolinks,First Lien,infolinks delayed draw term loan,infolinks media buyco unfunded term loan,infolinks
Innova Medical Ophthalmics Inc.,Innova Medical Ophthalmics Inc. (TL),Innova Medical Ophthalmics Inc.,First Lien,innova medical ophthalmics term loan,innova medical ophthalmics,innova medical ophthalmics
Innova Medical Ophthalmics Inc. - Funded Revolver,Innova Medical Ophthalmics Inc. (Rev),Innova Medical Ophthalmics Inc.,First Lien,innova medical ophthalmics revolver,innova medical ophthalmics funded revolver,innova medical ophthalmics
Innova Medical Ophthalmics Inc. - Unfunded Revolver,Innova Medical Ophthalmics Inc. (Rev),Innova Medical Ophthalmics Inc.,First Lien,innova medical ophthalmics revolver,innova medical ophthalmics unfunded revolver,innova medical ophthalmics
"Inovex Information Systems, Inc.",RealmOne (Revolver),RealmOne,First Lien,realmone revolver,inovex information systems,realmone
"Inovex Information Systems, Inc.",RealmOne (Term Loan),RealmOne,First Lien,realmone term loan,inovex information systems,realmone
"Inovex Information Systems, Inc.",RealmOne (DDTL),RealmOne,First Lien,realmone delayed draw term loan,inovex information systems,realmone
"Integrative Nutrition, LLC ","Integrative Nutrition 
(Term Loan)",Integrative Nutrition,First Lien,integrative nutrition term loan,integrative nutrition,integrative nutrition
"Integrative Nutrition, LLC - Funded Revolver",Integrative Nutrition (Revolver),Integrative Nutrition,First Lien,integrative nutrition revolver,integrative nutrition funded revolver,integrative nutrition
"Integrative Nutrition, LLC - Unfunded Revolver",Integrative Nutrition (Revolver),Integrative Nutrition,First Lien,integrative nutrition revolver,integrative nutrition unfunded revolver,integrative nutrition
"Integrity Marketing Acquisition, LLC",Integrity Marketing (TL),Integrity Marketing,First Lien,integrity marketing term loan,integrity marketing acquisition,integrity marketing
"Integrity Marketing Acquisition, LLC ",Integrity Marketing (TL),Integrity Marketing,First Lien,integrity marketing term loan,integrity marketing acquisition,integrity marketing
"Integrity Marketing Acquisition, LLC  - Preferred Equity",Integrity Marketing (Preferred Equity),Integrity Marketing,Preferred Equity,integrity marketing preferred equity,integrity marketing acquisition preferred equity,integrity marketing
"Integrity Marketing Acquisition, LLC  - Unfunded Term Loan",Integrity Marketing (DDTL),Integrity Marketing,First Lien,integrity marketing delayed draw term loan,integrity marketing acquisition unfunded term loan,integrity marketing
"Integrity Marketing Acquisition, LLC - Unfunded Term Loan",Integrity Marketing (DDTL),Integrity Marketing,First Lien,integrity marketing delayed draw term loan,integrity marketing acquisition unfunded term loan,integrity marketing
"Integrity Marketing Group, LLC (Preferred)",Integrity Marketing (Preferred Equity),Integrity Marketing,Preferred Equity,integrity marketing preferred equity,integrity marketing group preferred,integrity marketing
"Intermediate Transportation 100, LLC (ALL PIK)",Greatwide (2L),,Second Lien,greatwide second lien,intermediate transportation 100 all payment in kind,
Inventus Power Inc.,Inventus (2L),Inventus,Second Lien,inventus second lien,inventus power,inventus
"Inventus Power, Inc.",Inventus (2L),Inventus,Second Lien,inventus second lien,inventus power,inventus
"Inventus Power, Inc. ",Inventus (Revolver),Inventus,First Lien,inventus revolver,inventus power,inventus
"Inventus Power, Inc. ",Inventus (TL),Inventus,First Lien,inventus term loan,inventus power,inventus
"Inventus Power, Inc. ",Inventus (2L),Inventus,Second Lien,inventus second lien,inventus power,inventus
"Ironclad Holdco, LLC",Applied Technical Services (Common Equity),Applied Technical Services,Common Equity,applied technical services common equity,ironclad holdco,applied technical services
"Ironclad Holdco, LLC (Applied Technical Services, LLC)",Applied Technical Services (Common Equity),Applied Technical Services,Common Equity,applied technical services common equity,ironclad holdco applied technical services,applied technical services
"JWC-WE Holdings, L.P. (Walker Edison Furniture Company LLC)",Walker Edison (Common),Walker Edison,Common Equity,walker edison common,jwc we holdings l p walker edison furniture,walker edison
"JWC/UMA Holdings, L.P.",New Jersey Urology (Common),,Common Equity,new jersey urology common,jwc uma holdings l p,
Jones & Frank,Jones & Frank (Common),Jones & Frank,Common Equity,jones frank common,jones frank,jones frank
"Juniper Landscaping of Florida, LLC",Juniper (Term Loan),,First Lien,juniper term loan,juniper landscaping of florida,
"K2 Pure Solutions NoCal, L.P.",K2 (Term Loan),K2,First Lien,k2 term loan,k2 pure solutions nocal l p,k2
"K2 Pure Solutions NoCal, L.P. - Funded Revolver",K2 (Revolver),K2,First Lien,k2 revolver,k2 pure solutions nocal l p funded revolver,k2
"K2 Pure Solutions NoCal, L.P. - Unfunded Revolver",K2 (Revolver),K2,First Lien,k2 revolver,k2 pure solutions nocal l p unfunded revolver,k2
"KHC Holdings, Inc.",Kele (Term Loan),,First Lien,kele term loan,khc holdings,
"KHC Holdings, Inc. - Funded Revolver",Kele (Revolver),,First Lien,kele revolver,khc holdings funded revolver,
"KHC Holdings, Inc. - Unfunded Revolver",Kele (Revolver),,First Lien,kele revolver,khc holdings unfunded revolver,
KL Stockton Co-Invest LP (Any Hour Services),Any Hour Services (Common Equity),Any Hour Services,Common Equity,any hour services common equity,kl stockton invest any hour services,any hour services
KL Stockton Co-Invest LP - Equity,Any Hour Services (Common Equity),Any Hour Services,Common Equity,any hour services common equity,kl stockton invest equity,any hour services
"Kadmon Holdings, Inc.",Kadmon/Three Rivers (Common),Kadmon/Three Rivers,Common Equity,kadmon three rivers common,kadmon holdings,kadmon three rivers
"Keel Platform, LLC",Pegasus Steel (Term Loan),Pegasus Steel,First Lien,pegasus steel term loan,keel platform,pegasus steel
"Keel Platform, LLC - Unfunded Term Loan",Pegasus Steel (DDTL),Pegasus Steel,First Lien,pegasus steel delayed draw term loan,keel platform unfunded term loan,pegasus steel
"Kentucky Downs, LLC",Kentucky Downs (Term Loan),,First Lien,kentucky downs term loan,kentucky downs,
"Kentucky Downs, LLC - DDTL A",Kentucky Downs (DDTL A),,First Lien,kentucky downs delayed draw term loan a,kentucky downs delayed draw term loan a,
"Kentucky Downs, LLC - DDTL B",Kentucky Downs (DDTL B),,First Lien,kentucky downs delayed draw term loan b,kentucky downs delayed draw term loan b,
"Kentucky Downs, LLC - Delayed Draw Term Loan A",Kentucky Downs (DDTL A),,First Lien,kentucky downs delayed draw term loan a,kentucky downs delayed draw term loan a,
"Kentucky Downs, LLC - Delayed Draw Term Loan B",Kentucky Downs (DDTL B),,First Lien,kentucky downs delayed draw term loan b,kentucky downs delayed draw term loan b,
"Kentucky Racing Holdco, LLC",Kentucky Downs (Warrants),ECL Entertainment,Common Equity,kentucky downs warrants,kentucky racing holdco,ecl entertainment
"Kentucky Racing Holdco, LLC (Warrants)",Kentucky Downs (Warrants),ECL Entertainment,Common Equity,kentucky downs warrants,kentucky racing holdco warrants,ecl entertainment
"Kinetic Purchaser, LLC",KNS (Term Loan),KNS,First Lien,kns term loan,kinetic purchaser,kns
"Kinetic Purchaser, LLC (Common)",KNS (Equity),KNS,Common Equity,kns equity,kinetic purchaser common,kns
"Kinetic Purchaser, LLC - Funded Revolver",KNS (Revolver),KNS,First Lien,kns revolver,kinetic purchaser funded revolver,kns
"Kinetic Purchaser, LLC - Unfunded Revolver",KNS (Revolver),KNS,First Lien,kns revolver,kinetic purchaser unfunded revolver,kns
"LAV Gear Holdings, Inc.",4Wall Entertainment (Term Loan),4Wall Entertainment,First Lien,4wall entertainment term loan,lav gear holdings,4wall entertainment
"LAV Gear Holdings, Inc. - Funded Revolver",4Wall Entertainment (Revolver),4Wall Entertainment,First Lien,4wall entertainment revolver,lav gear holdings funded revolver,4wall entertainment
"LAV Gear Holdings, Inc. - Unfunded Revolver",4Wall Entertainment (Revolver),4Wall Entertainment,First Lien,4wall entertainment revolver,lav gear holdings unfunded revolver,4wall entertainment
"LAV Gear Holdings, Inc. - Unfunded Term Loan",4Wall Entertainment (DDTL),4Wall Entertainment,First Lien,4wall entertainment delayed draw term loan,lav gear holdings unfunded term loan,4wall entertainment
"LEP Pequod Holdings, LP",Simplicity Group (Common Equity),Simplicity Group,Common Equity,simplicity group common equity,lep pequod holdings,simplicity group
"LJ Avalon Holdings, LLC",Ardurra (DDTL),Ardurra,First Lien,ardurra delayed draw term loan,lj avalon holdings,ardurra
"LJ Avalon Holdings, LLC",Ardurra (Term Loan),Ardurra,First Lien,ardurra term loan,lj avalon holdings,ardurra
"LJ Avalon Holdings, LLC",Ardurra (Revolver),Ardurra,First Lien,ardurra revolver,lj avalon holdings,ardurra
"LJ Avalon, LP",Ardurra (Common Equity),Ardurra,Common Equity,ardurra common equity,lj avalon,ardurra
"LORIENT PEREGRINE INVESTMENT, LP",ShiftKey (Common Equity),ShiftKey,Common Equity,shiftkey common equity,lorient peregrine investment,shiftkey
"LSF9 Atlantis Holdings, LLC",Victra (TL),Victra,First Lien,victra term loan,lsf9 atlantis holdings,victra
"LSF9 Atlantis Holdings, LLC",Z Wireless,Victra,First Lien,z wireless,lsf9 atlantis holdings,victra
"LVC KINGSTON, LLC",Kingston Brass (Term Loan),Kingston Brass,First Lien,kingston brass term loan,lvc kingston,kingston brass
"LaMi Acquisition, LLC",LaMi (Common),LaMi,Common Equity,lami common,lami acquisition,lami
"Lariat ecoserv Co-Invest Holdings, LLC",OCS / NES (Common),OCS / NES,Common Equity,ocs nes common,lariat ecoserv invest holdings,ocs nes
"Lash Opco, LLC",Lilly Lashes (TL),Lilly Lashes,First Lien,lilly lashes term loan,lash opco,lilly lashes
"Lash Opco, LLC - Funded Revolver",Lilly Lashes (Revolver),Lilly Lashes,First Lien,lilly lashes revolver,lash opco funded revolver,lilly lashes
"Lash Opco, LLC - Term Loan",Lilly Lashes (TL),Lilly Lashes,First Lien,lilly lashes term loan,lash opco term loan,lilly lashes
"Lash Opco, LLC - Unfunded Revolver",Lilly Lashes (Revolver),Lilly Lashes,First Lien,lilly lashes revolver,lash opco unfunded revolver,lilly lashes
Leap Legal Software Pty Ltd,LEAP,LEAP,First Lien,leap,leap legal software pty,leap
"Ledge Lounger, Inc.",Ledge Lounger (Term Loan),Ledge Lounger,First Lien,ledge lounger term loan,ledge lounger,ledge lounger
"Ledge Lounger, Inc. - Funded Revolver",Ledge Lounger (Revolver),Ledge Lounger,First Lien,ledge lounger revolver,ledge lounger funded revolver,ledge lounger
"Ledge Lounger, Inc. - Unfunded Revolver",Ledge Lounger (Revolver),Ledge Lounger,First Lien,ledge lounger revolver,ledge lounger unfunded revolver,ledge lounger
LifeCare Holdings LLC (6.00% PIK),LifeCare,LifeCare,First Lien,lifecare,lifecare holdings 6 00 payment in kind,lifecare
Lightspeed Buyer Inc.,Centauri Health (TL),Centauri Health,First Lien,centauri health term loan,lightspeed buyer,centauri health
Lightspeed Buyer Inc. ,Centauri Health (TL),Centauri Health,First Lien,centauri health term loan,lightspeed buyer,centauri health
Lightspeed Buyer Inc. - Funded Revolver,Centauri Health (Revolver),Centauri Health,First Lien,centauri health revolver,lightspeed buyer funded revolver,centauri health
Lightspeed Buyer Inc. - Unfunded Revolver,Centauri Health (Revolver),Centauri Health,First Lien,centauri health revolver,lightspeed buyer unfunded revolver,centauri health
Lightspeed Buyer Inc. - Unfunded Term Loan,Centauri Health (DDTL),Centauri Health,First Lien,centauri health delayed draw term loan,lightspeed buyer unfunded term loan,centauri health
Lightspeed Investment Holdco LLC,Centauri Health (Equity),Centauri Health,Common Equity,centauri health equity,lightspeed investment holdco,centauri health
Liqui-Box Holdings Inc.,Liqui-Box,,First Lien,liqui box,liqui box holdings,
"Lombart Brothers, Inc.",Lombart Instrument (TL),Lombart Instrument,First Lien,lombart instrument term loan,lombart brothers,lombart instrument
"Lombart Brothers, Inc. - Funded Revolver",Lombart Instrument (Rev),Lombart Instrument,First Lien,lombart instrument revolver,lombart brothers funded revolver,lombart instrument
"Lombart Brothers, Inc. - Unfunded Revolver",Lombart Instrument (Rev),Lombart Instrument,First Lien,lombart instrument revolver,lombart brothers unfunded revolver,lombart instrument
"Long Island Vision Management, LLC",SightMD (TL),SightMD,First Lien,sightmd term loan,long island vision management,sightmd
"Long Island Vision Management, LLC - Unfunded Term Loan",SightMD (DDTL),SightMD,First Lien,sightmd delayed draw term loan,long island vision management unfunded term loan,sightmd
Long's Drugs Incorporated,Long's Drugs,,First Lien,longs drugs,longs drugs incorporated,
Long's Drugs Incorporated - Unfunded Revolver,Long's Drugs (Revolver),,First Lien,longs drugs revolver,longs drugs incorporated unfunded revolver,
Loving Tan Intermediate II Inc.,Loving Tan (TL),Loving Tan,First Lien,loving tan term loan,loving tan intermediate ii,loving tan
Loving Tan Intermediate II Inc.,Loving Tan (Revolver),Loving Tan,First Lien,loving tan revolver,loving tan intermediate ii,loving tan
"Lucky Bucks HoldCo, LLC",Lucky Bucks (Equity),Lucky Bucks,Common Equity,lucky bucks equity,lucky bucks holdco,lucky bucks
"Lucky Bucks, LLC",Lucky Bucks (TL),Lucky Bucks,First Lien,lucky bucks term loan,lucky bucks,lucky bucks
MAG DS Corp.,MAG Aerospace (TL),MAG Aerospace,First Lien,mag aerospace term loan,mag ds,mag aerospace
"MBS Holdings, Inc.",Momentum (Term Loan),Momentum,First Lien,momentum term loan,mbs holdings,momentum
"MBS Holdings, Inc. - Unfunded Revolver",Momentum (Revolver),Momentum,First Lien,momentum revolver,mbs holdings unfunded revolver,momentum
MDI Aggregator LP,MDI (Equity),Molded Devices,Common Equity,mdi equity,mdi aggregator,molded devices
"MDI Buyer, Inc",MDI (TLB),Molded Devices,First Lien,mdi tlb,mdi buyer,molded devices
"MDI Buyer, Inc",MDI (DDTL),Molded Devices,First Lien,mdi delayed draw term loan,mdi buyer,molded devices
"MDI Buyer, Inc",MDI (Revolver),Molded Devices,First Lien,mdi revolver,mdi buyer,molded devices
"MDI Buyer, Inc",MDI (TL),Molded Devices,First Lien,mdi term loan,mdi buyer,molded devices
"MDI Buyer, Inc",MDI (DDTLB),Molded Devices,First Lien,mdi delayed draw term loan b,mdi buyer,molded devices
"MDI Buyer, Inc.",MDI (TL),Molded Devices,First Lien,mdi term loan,mdi buyer,molded devices
"MEDINA HEALTH, LLC",Comprehensive Rehab Consultants (Term Loan),Comprehensive Rehab Consultants,First Lien,comprehensive rehab consultants term loan,medina health,comprehensive rehab consultants
"MEDINA HEALTH, LLC",Comprehensive Rehab Consultants (Revolver),Comprehensive Rehab Consultants,First Lien,comprehensive rehab consultants revolver,medina health,comprehensive rehab consultants
"MEGAWATT ACQUISITIONCO, INC",Mission Microwave (Revolver),Mission Microwave,First Lien,mission microwave revolver,megawatt acquisitionco,mission microwave
"MEGAWATT ACQUISITIONCO, INC",Mission Microwave (Term Loan),Mission Microwave,First Lien,mission microwave term loan,megawatt acquisitionco,mission microwave
MOM AND POP ENTERTAINMENT LLC,Mom And Pop (Term Loan),Mom And Pop ,First Lien,mom and pop term loan,mom and pop entertainment,mom and pop
"MSpark, LLC",MailSouth (Common Equity),Mailsouth,Common Equity,mailsouth common equity,mspark,mailsouth
"Magenta Buyer, LLC",McAfee (First Lien),McAfee,First Lien,mcafee first lien,magenta buyer,mcafee
Magnolia,Magnolia (Preferred Equity),Magnolia,Preferred Equity,magnolia preferred equity,magnolia,magnolia
Magnolia,Magnolia (Common Equity),Magnolia,Preferred Equity,magnolia common equity,magnolia,magnolia
MailSouth Inc.,MailSouth (2L),Mailsouth,Second Lien,mailsouth second lien,mailsouth,mailsouth
"MailSouth, Inc.",MailSouth (2L),Mailsouth,Second Lien,mailsouth second lien,mailsouth,mailsouth
"MailSouth, Inc. (ALL PIK)",MailSouth (2L),Mailsouth,Second Lien,mailsouth second lien,mailsouth all payment in kind,mailsouth
"Management Consulting & Research, LLC",MCR (Term Loan),MCR,First Lien,mcr term loan,management consulting research,mcr
"Management Consulting & Research, LLC - Unfunded Revolver",MCR (Revolver),MCR,First Lien,mcr revolver,management consulting research unfunded revolver,mcr
"Manna Pro Products, LLC",Manna Pro (TL),Manna Pro,First Lien,manna pro term loan,manna pro products,manna pro
"Manna Pro Products, LLC - DDTL",Manna Pro (DDTL),Manna Pro,First Lien,manna pro delayed draw term loan,manna pro products delayed draw term loan,manna pro
Marketplace Events LLC,Marketplace Events (CAD Term Loan),Marketplace Events,First Lien,marketplace events cad term loan,marketplace events,marketplace events
Marketplace Events LLC (USD),Marketplace Events (USD Term Loan),Marketplace Events,First Lien,marketplace events usd term loan,marketplace events usd,marketplace events
Marketplace Events LLC - Funded Revolver,Marketplace Events (Revolver),Marketplace Events,First Lien,marketplace events revolver,marketplace events funded revolver,marketplace events
Marketplace Events LLC - New DDTL,Marketplace Events (DDTL),Marketplace Events,First Lien,marketplace events delayed draw term loan,marketplace events new delayed draw term loan,marketplace events
Marketplace Events LLC - Super Priority First Lien,Marketplace Events (USD Term Loan),Marketplace Events,First Lien,marketplace events usd term loan,marketplace events super priority first lien,marketplace events
Marketplace Events LLC - Super Priority First Lien - DDTL,Marketplace Events (DDTL),Marketplace Events,First Lien,marketplace events delayed draw term loan,marketplace events super priority first lien delayed draw term loan,marketplace events
Marketplace Events LLC - Unfunded Revolver,Marketplace Events (Revolver),Marketplace Events,First Lien,marketplace events revolver,marketplace events unfunded revolver,marketplace events
"Marketplace Events, LLC",Marketplace Events (USD Term Loan),Marketplace Events,First Lien,marketplace events usd term loan,marketplace events,marketplace events
"Marketplace Events, LLC - Super Priority First Lien Term Loan",Marketplace Events (USD Term Loan),Marketplace Events,First Lien,marketplace events usd term loan,marketplace events super priority first lien term loan,marketplace events
"Marketplace Events, LLC - Super Priority First Lien Unfunded Term Loan",Marketplace Events (DDTL),Marketplace Events,First Lien,marketplace events delayed draw term loan,marketplace events super priority first lien unfunded term loan,marketplace events
Mars Acquisition Holdings Corp.,Mars Agency (Term Loan),Mars Agency,First Lien,mars agency term loan,mars acquisition holdings,mars agency
Mars Acquisition Holdings Corp. - Unfunded Revolver,Mars Agency (Revolver),Mars Agency,First Lien,mars agency revolver,mars acquisition holdings unfunded revolver,mars agency
"Mars Intermediate Holdings II, Inc. (Common)",Mars Agency (Common Equity),Mars Agency,Common Equity,mars agency common equity,mars intermediate holdings ii common,mars agency
"Mars Intermediate Holdings II, Inc. (Preferred)",Mars Agency (Preferred Equity),Mars Agency,Preferred Equity,mars agency preferred equity,mars intermediate holdings ii preferred,mars agency
"Maury Microwave, Inc",Maury Microwave (Term Loan),Maury Microwave,First Lien,maury microwave term loan,maury microwave,maury microwave
"McAfee, LLC (First Lien)",McAfee (First Lien),McAfee,First Lien,mcafee first lien,mcafee first lien,mcafee
"Meadowlark Acquirer, LLC",Meadowlark (Term Loan),Meadowlark,First Lien,meadowlark term loan,meadowlark acquirer,meadowlark
"Meadowlark Acquirer, LLC - Unfunded Revolver",Meadowlark (Revolver),Meadowlark,First Lien,meadowlark revolver,meadowlark acquirer unfunded revolver,meadowlark
"Meadowlark Acquirer, LLC - Unfunded Term Loan I",Meadowlark (DDTL I),Meadowlark,First Lien,meadowlark delayed draw term loan i,meadowlark acquirer unfunded term loan i,meadowlark
"Meadowlark Acquirer, LLC - Unfunded Term Loan II",Meadowlark (DDTL II),Meadowlark,First Lien,meadowlark delayed draw term loan ii,meadowlark acquirer unfunded term loan ii,meadowlark
"Meadowlark Title, LLC",Meadowlark (Common Equity),Meadowlark,Common Equity,meadowlark common equity,meadowlark title,meadowlark
"Meadowlark Title, LLC - Equity",Meadowlark (Common Equity),Meadowlark,Common Equity,meadowlark common equity,meadowlark title equity,meadowlark
"MedAssets Software Intermediate Holdings, Inc.",nThrive (Term Loan),,First Lien,nthrive term loan,medassets software intermediate holdings,
"MedAssets Software Preferred Intermediate Holdings, Inc.",nThrive (Preferred Equity),nThrive,Preferred Equity,nthrive preferred equity,medassets software preferred intermediate holdings,nthrive
"MedAssets Software Preferred Intermediate Holdings, Inc. (Preferred)",nThrive (Preferred Equity),nThrive,Preferred Equity,nthrive preferred equity,medassets software preferred intermediate holdings preferred,nthrive
"Megawatt Acquisition Partners, LLC",Mission Microwave (Common Equity),Mission Microwave,Common Equity,mission microwave common equity,megawatt acquisition partners,mission microwave
"MeritDirect Holdings, LP (C)",MeritDirect (Common Equity),MeritDirect,Common Equity,meritdirect common equity,meritdirect holdings c,meritdirect
"MeritDirect Holdings, LP (Common)",MeritDirect (Common Equity),MeritDirect,Common Equity,meritdirect common equity,meritdirect holdings common,meritdirect
"MeritDirect Holdings, LP (P)",MeritDirect (Preferred Equity),MeritDirect,Preferred Equity,meritdirect preferred equity,meritdirect holdings p,meritdirect
"MeritDirect Holdings, LP (Preferred)",MeritDirect (Preferred Equity),MeritDirect,Preferred Equity,meritdirect preferred equity,meritdirect holdings preferred,meritdirect
"MeritDirect, LLC - Funded Revolver",MeritDirect (Revolver),MeritDirect,First Lien,meritdirect revolver,meritdirect funded revolver,meritdirect
"MeritDirect, LLC - Unfunded Revolver",MeritDirect (Revolver),MeritDirect,First Lien,meritdirect revolver,meritdirect unfunded revolver,meritdirect
Michael Baker International LLC,Michael Baker (Term Loan),Michael Baker,First Lien,michael baker term loan,michael baker international,michael baker
MidOcean JF Holdings Corp.,Jones & Frank (Common),Jones & Frank,Common Equity,jones frank common,midocean jf holdings,jones frank
MidOcean JF Holdings Corp. (P),Jones & Frank (Preferred),Jones & Frank,Preferred Equity,jones frank preferred,midocean jf holdings p,jones frank
MidOcean JF Holdings Corp. (Series B),Jones & Frank (Series B),Jones & Frank,Preferred Equity,jones frank series b,midocean jf holdings series b,jones frank
MidOcean JF Holdings Corp. (TL),Jones & Frank (TL),Jones & Frank,First Lien,jones frank term loan,midocean jf holdings term loan,jones frank
Mission Critical Electronics - Funded Revolver,MCE (Revolver),Mission Critical Electronics,First Lien,mce revolver,mission critical electronics funded revolver,mission critical electronics
Mission Critical Electronics - Unfunded Revolver,MCE (Revolver),Mission Critical Electronics,First Lien,mce revolver,mission critical electronics unfunded revolver,mission critical electronics
Mission Critical Electronics Inc.,MCE (TL),Mission Critical Electronics,First Lien,mce term loan,mission critical electronics,mission critical electronics
"Mission Critical Electronics, Inc.",MCE (TL),Mission Critical Electronics,First Lien,mce term loan,mission critical electronics,mission critical electronics
"Mission Critical Electronics, Inc. - Unfunded Term Loan",MCE (DDTL),Mission Critical Electronics,First Lien,mce delayed draw term loan,mission critical electronics unfunded term loan,mission critical electronics
Mitchell International Inc.,Mitchell (TL),Mitchell,First Lien,mitchell term loan,mitchell international,mitchell
"Municipal Emergency Services, Inc.",MES (Term Loan),MES,First Lien,mes term loan,municipal emergency services,mes
"Municipal Emergency Services, Inc. ",MES (Term Loan),MES,First Lien,mes term loan,municipal emergency services,mes
"Municipal Emergency Services, Inc. (Common)",MES (Common Equity),MES,Common Equity,mes common equity,municipal emergency services common,mes
"Municipal Emergency Services, Inc. - DDTL",MES (DDTL),MES,First Lien,mes delayed draw term loan,municipal emergency services delayed draw term loan,mes
"Municipal Emergency Services, Inc. - Funded Revolver",MES (Revolver),MES,First Lien,mes revolver,municipal emergency services funded revolver,mes
"Municipal Emergency Services, Inc. - Unfunded Revolver",MES (Revolver),MES,First Lien,mes revolver,municipal emergency services unfunded revolver,mes
"Municipal Emergency Services, Inc. - Unfunded Term Loan",MES (DDTL),MES,First Lien,mes delayed draw term loan,municipal emergency services unfunded term loan,mes
NBH Group LLC,Nevada Behavioral Health Systems (Term Loan),Nevada Behavioral Health Systems,First Lien,nevada behavioral health systems term loan,nbh group,nevada behavioral health systems
NBH Group LLC - Unfunded Revolver,Nevada Behavioral Health Systems (Revolver),Nevada Behavioral Health Systems,First Lien,nevada behavioral health systems revolver,nbh group unfunded revolver,nevada behavioral health systems
"NEPRT Parent Holdings, LLC",Recteq (Equity),Recteq,Common Equity,recteq equity,neprt parent holdings,recteq
"NEPRT Parent Holdings, LLC (Recteq, LLC)",Recteq (Equity),Recteq,Common Equity,recteq equity,neprt parent holdings recteq,recteq
"NEPRT Parent Holdings, LLC - Common Equity",Recteq (Equity),Recteq,Common Equity,recteq equity,neprt parent holdings common equity,recteq
"NEW MEDINA HEALTH, LLC",Comprehensive Rehab Consultants (Common Equity),Comprehensive Rehab Consultants,Common Equity,comprehensive rehab consultants common equity,new medina health,comprehensive rehab consultants
NFS-CFP Holdings LLC,Commercial Fire Protection (Revolver),Commercial Fire Protection,First Lien,commercial fire protection revolver,nfs cfp holdings,commercial fire protection
NFS-CFP Holdings LLC,Commercial Fire Protection (Common Equity),Commercial Fire Protection,Common Equity,commercial fire protection common equity,nfs cfp holdings,commercial fire protection
NFS-CFP Holdings LLC,Commercial Fire Protection (Term Loan),Commercial Fire Protection,First Lien,commercial fire protection term loan,nfs cfp holdings,commercial fire protection
NFS-CFP Holdings LLC,Commercial Fire Protection (DDTL),Commercial Fire Protection,First Lien,commercial fire protection delayed draw term loan,nfs cfp holdings,commercial fire protection
"NL Monarch Holdings, LLC",SelectQuote (Common Equity),SelectQuote,Common Equity,selectquote common equity,nl monarch holdings,selectquote
"NORA ACQUISITION, LLC",NORA (Term Loan),NORA,First Lien,nora term loan,nora acquisition,nora
"NORA ACQUISITION, LLC",NORA (Revolver),NORA,First Lien,nora revolver,nora acquisition,nora
"NORA PARENT HOLDINGS, LLC",NORA (Common Equity),NORA,Common Equity,nora common equity,nora parent holdings,nora
"NORTH AMERICAN RAIL SOLUTIONS, LLC",North American Rail Solutions (Revolver),North American Rail Solutions,First Lien,north american rail solutions revolver,north american rail solutions,north american rail solutions
"NORTH AMERICAN RAIL SOLUTIONS, LLC",North American Rail Solutions (Term Loan),North American Rail Solutions,First Lien,north american rail solutions term loan,north american rail solutions,north american rail solutions
"NORTH AMERICAN RAIL SOLUTIONS, LLC",North American Rail Solutions (DDTL),North American Rail Solutions,First Lien,north american rail solutions delayed draw term loan,north american rail solutions,north american rail solutions
"NXOF Holdings, Inc. (Tyto Athene, LLC) (Common)",Tyto Athene (Equity),Tyto Athene,Common Equity,tyto athene equity,nxof holdings tyto athene common,tyto athene
"NXOF Holdings, Inc. (Tyto Athene, LLC) (Preferred)",Tyto Athene (Pref),Tyto Athene,Preferred Equity,tyto athene pref,nxof holdings tyto athene preferred,tyto athene
Neptune Flood Incorporated,Neptune Flood (Term Loan),Neptune Flood,First Lien,neptune flood term loan,neptune flood incorporated,neptune flood
"Neptune Platform Buyer, LLC",Pegasus Steel (DDTL),Pegasus Steel,First Lien,pegasus steel delayed draw term loan,neptune platform buyer,pegasus steel
"Neptune Platform Buyer, LLC",Pegasus Steel (Term Loan),Pegasus Steel,First Lien,pegasus steel term loan,neptune platform buyer,pegasus steel
Nevada Behavioral Health Systems,Nevada Behavioral Health Systems (Revolver),Nevada Behavioral Health Systems,First Lien,nevada behavioral health systems revolver,nevada behavioral health systems,nevada behavioral health systems
"New Insight Holdings, Inc",Research Now / SSI (Common Equity),Research Now/SSI,First Lien,research now ssi common equity,new insight holdings,research now ssi
"New MPE Holdings, LLC",Marketplace Events (Equity),Marketplace Events,Common Equity,marketplace events equity,new mpe holdings,marketplace events
New Milani Group LLC,Milani (TL),Milani,First Lien,milani term loan,new milani group,milani
"North Haven Saints Equity Holdings, LP",SpendMend (Common Equity),SpendMend,Common Equity,spendmend common equity,north haven saints equity holdings,spendmend
Northwinds Services Group LLC,Northwinds (Common Equity),Northwinds ,Common Equity,northwinds common equity,northwinds services group,northwinds
"Northwinds Topco, INC.",Northwinds (Holdco Notes),Northwinds,Subordinated Debt,northwinds holdco notes,northwinds topco,northwinds
"Northwinds Topco, INC.",Northwinds (Holdco Notes DDTL),Northwinds ,Subordinated Debt,northwinds holdco notes delayed draw term loan,northwinds topco,northwinds
"Northwinds Topco, INC.",Northwinds (Holdco Notes),Northwinds ,Subordinated Debt,northwinds holdco notes,northwinds topco,northwinds
Nuvei Technologies Corp.,Nuvei (Term Loan),Nuvei,First Lien,nuvei term loan,nuvei technologies,nuvei
"OHCP V BC COI, L.P.",Berlin Packaging (Common Equity),Berlin Packaging,Common Equity,berlin packaging common equity,ohcp v bc coi l p,berlin packaging
"OHCP V BC COI, L.P. - Unfunded",Berlin Packaging (Common Equity),Berlin Packaging,Common Equity,berlin packaging common equity,ohcp v bc coi l p unfunded,berlin packaging
"OIS Management Services, LLC",Paradigm Oral Surgery (Term Loan),Paradigm Oral Surgery,First Lien,paradigm oral surgery term loan,ois management services,paradigm oral surgery
"OIS Management Services, LLC - Unfunded Revolver",Paradigm Oral Surgery (Revolver),Paradigm Oral Surgery,First Lien,paradigm oral surgery revolver,ois management services unfunded revolver,paradigm oral surgery
"OIS Management Services, LLC - Unfunded Term Loan",Paradigm Oral Surgery (DDTL),Paradigm Oral Surgery,First Lien,paradigm oral surgery delayed draw term loan,ois management services unfunded term loan,paradigm oral surgery
"OMNIA EXTERIOR SOLUTIONS, LLC",Omnia (Equity),Omnia,Common Equity,omnia equity,omnia exterior solutions,omnia
"OMNIA EXTERIOR SOLUTIONS, LLC",Omnia (TL),Omnia,First Lien,omnia term loan,omnia exterior solutions,omnia
"OMNIA EXTERIOR SOLUTIONS, LLC",Omnia (DTTL 2),Omnia,First Lien,omnia dttl 2,omnia exterior solutions,omnia
"OMNIA EXTERIOR SOLUTIONS, LLC",Omnia (Revolver),Omnia,First Lien,omnia revolver,omnia exterior solutions,omnia
"OMNIA EXTERIOR SOLUTIONS, LLC",Omnia (DDTL 1),Omnia,First Lien,omnia delayed draw term loan 1,omnia exterior solutions,omnia
"ORL Acquisition, Inc.",OpenRoad Lending (Term Loan),OpenRoad Lending,First Lien,openroad lending term loan,orl acquisition,openroad lending
"ORL Acquisition, Inc. - Unfunded Revolver",OpenRoad Lending (Revolver),OpenRoad Lending,First Lien,openroad lending revolver,orl acquisition unfunded revolver,openroad lending
"ORL Holdco, Inc - Common Equity",OpenRoad Lending (Common Equity),OpenRoad Lending,Common Equity,openroad lending common equity,orl holdco common equity,openroad lending
"ORL Holdco, Inc - Preferred Equity",OpenRoad Lending (Preferred Equity),OpenRoad Lending,Preferred Equity,openroad lending preferred equity,orl holdco preferred equity,openroad lending
"ORL Holdco, Inc. (Common)",OpenRoad Lending (Common Equity),OpenRoad Lending,Common Equity,openroad lending common equity,orl holdco common,openroad lending
"ORL Holdco, Inc. (Preferred)",OpenRoad Lending (Preferred Equity),OpenRoad Lending,Preferred Equity,openroad lending preferred equity,orl holdco preferred,openroad lending
"OSP EMBEDDED AGGREGATOR, LP",Lynx Technologies (Common Equity),Lynx Technologies,Common Equity,lynx technologies common equity,osp embedded aggregator,lynx technologies
"OSP EMBEDDED PURCHASER, LLC",Lynx Technologies (Revolver),Lynx Technologies,First Lien,lynx technologies revolver,osp embedded purchaser,lynx technologies
"OSP EMBEDDED PURCHASER, LLC",Lynx Technologies (TL),Lynx Technologies,First Lien,lynx technologies term loan,osp embedded purchaser,lynx technologies
"OSP PAR Aggregator, LP.",PAR Excellence (Common Equity),PAR Excellence,Common Equity,par excellence common equity,osp par aggregator,par excellence
"OWL ACQUISITION, LLC",Wilson (TL),Wilson Language Training,First Lien,wilson term loan,owl acquisition,wilson language training
"OceanSound Discovery Equity, LP",Smartronix / Trident (Common Equity),Smartronix / Trident,Common Equity,smartronix trident common equity,oceansound discovery equity,smartronix trident
"OceanSound Discovery Equity, LP (Holdco Sands Intermediate, LLC)",Smartronix / Trident (Common Equity),Smartronix / Trident,Common Equity,smartronix trident common equity,oceansound discovery equity holdco sands intermediate,smartronix trident
Omnia,Omnia (Equity),Omnia,Common Equity,omnia equity,omnia,omnia
Omnia,Omnia (TL),Omnia,First Lien,omnia term loan,omnia,omnia
Omnia,Omnia (Revolver),Omnia,First Lien,omnia revolver,omnia,omnia
Omnia,Omnia (DDTL 1),Omnia,First Lien,omnia delayed draw term loan 1,omnia,omnia
Omnia,Omnia (DTTL 2),Omnia,First Lien,omnia dttl 2,omnia,omnia
"One Stop Mailing, LLC",OSM (Term Loan),OSM,First Lien,osm term loan,one stop mailing,osm
OpenRoad Lending,OpenRoad Lending (Term Loan),OpenRoad Lending,First Lien,openroad lending term loan,openroad lending,openroad lending
OpenRoad Lending - Unfunded Revolver,OpenRoad Lending (Revolver),OpenRoad Lending,First Lien,openroad lending revolver,openroad lending unfunded revolver,openroad lending
"Oral Surgery (ITC) Holdings, LLC",Paradigm Oral Surgery (Equity),Paradigm Oral Surgery,Common Equity,paradigm oral surgery equity,oral surgery itc holdings,paradigm oral surgery
Orion,Orion (TL),Orion,First Lien,orion term loan,orion,orion
"Outcomes Group Holdings, Inc.",Paradigm (Term Loan),Paradigm  ,First Lien,paradigm term loan,outcomes group holdings,paradigm
"Output Services Group, Inc.",OSG (Common Equity),OSG Billing Services,Common Equity,osg common equity,output services group,osg billing services
"Output Services Group, Inc.",OSG (TL),OSG Billing Services,First Lien,osg term loan,output services group,osg billing services
"Output Services Group, Inc. - DDTL",OSG (DDTL),OSG Billing Services,First Lien,osg delayed draw term loan,output services group delayed draw term loan,osg billing services
"Output Services Group, Inc. - Unfunded  Term Loan",OSG (DDTL),OSG Billing Services,First Lien,osg delayed draw term loan,output services group unfunded term loan,osg billing services
"Output Services Group, Inc. - Unfunded Term Loan",OSG (DDTL),OSG Billing Services,First Lien,osg delayed draw term loan,output services group unfunded term loan,osg billing services
"Ox Two, LLC",Ox (Term Loan),Ox,First Lien,ox term loan,ox two,ox
"Ox Two, LLC   ",Ox (Term Loan),Ox,First Lien,ox term loan,ox two,ox
"Ox Two, LLC (New Issue)",Ox (Term Loan),Ox,First Lien,ox term loan,ox two new issue,ox
"Ox Two, LLC - Funded Revolver",Ox (Revolver),Ox,First Lien,ox revolver,ox two funded revolver,ox
"Ox Two, LLC - Funded Revolver (New Issue)",Ox (Revolver),Ox,First Lien,ox revolver,ox two funded revolver new issue,ox
"Ox Two, LLC - Unfunded Revolver",Ox (Revolver),Ox,First Lien,ox revolver,ox two unfunded revolver,ox
"Ox Two, LLC - Unfunded Revolver (New Issue)",Ox (Revolver),Ox,First Lien,ox revolver,ox two unfunded revolver new issue,ox
P.Sabel InvestCo LP.,Sabel Systems (Common Equity),Sabel Systems,Common Equity,sabel systems common equity,p sabel investco,sabel systems
"PAR EXCELLENCE HOLDINGS, INC.",PAR Excellence (Term Loan),PAR Excellence,First Lien,par excellence term loan,par excellence holdings,par excellence
"PAR EXCELLENCE HOLDINGS, INC.",PAR Excellence (Revolver),PAR Excellence,First Lien,par excellence revolver,par excellence holdings,par excellence
"PCS MIDCO, INC.",PCS Retirement (Term Loan),PCS Retirement,First Lien,pcs retirement term loan,pcs midco,pcs retirement
"PCS MIDCO, INC.",PCS Retirement (DDTL),PCS Retirement,First Lien,pcs retirement delayed draw term loan,pcs midco,pcs retirement
"PCS MIDCO, INC.",PCS Retirement (Revolver),PCS Retirement,First Lien,pcs retirement revolver,pcs midco,pcs retirement
"PCS Midco, Inc.",PCS Retirement (Common Equity),PCS Retirement,Common Equity,pcs retirement common equity,pcs midco,pcs retirement
"PD Tri-State Holdco, LLC",PDS Tri-State (Term Loan),PDS Tri-State,First Lien,pds tri state term loan,pd tri state holdco,pds tri state
"PH Beauty Holdings III, Inc.",Paris Presents,Paris Presents,First Lien,paris presents,ph beauty holdings iii,paris presents
PL Acquisitionco - Equity,Pink Lily (Equity),Pink Lily,Common Equity,pink lily equity,pl acquisitionco equity,pink lily
"PL Acquisitionco, LLC",Pink Lily (Term Loan),Pink Lily,First Lien,pink lily term loan,pl acquisitionco,pink lily
"PL Acquisitionco, LLC - Funded Revolver",Pink Lily (Revolver),Pink Lily,First Lien,pink lily revolver,pl acquisitionco funded revolver,pink lily
"PL Acquisitionco, LLC - Unfunded Revolver",Pink Lily (Revolver),Pink Lily,First Lien,pink lily revolver,pl acquisitionco unfunded revolver,pink lily
PN Buyer Inc.,Penta (Revolver),Penta,First Lien,penta revolver,pn buyer,penta
PN Buyer Inc.,Penta (Common Equity),Penta,Common Equity,penta common equity,pn buyer,penta
PN Buyer Inc.,Penta (DDTL),Penta,First Lien,penta delayed draw term loan,pn buyer,penta
PN Buyer Inc.,Penta (Term Loan),Penta,First Lien,penta term loan,pn buyer,penta
"PRA Events, Inc.",APRA (Term Loan),APRA,First Lien,apra term loan,pra events,apra
"PRA Events, Inc. - Funded Revolver",APRA (Revolver),APRA,First Lien,apra revolver,pra events funded revolver,apra
"PRA Events, Inc. - Unfunded Revolver",APRA (Revolver),APRA,First Lien,apra revolver,pra events unfunded revolver,apra
"PROJECT GRANITE BUYER, INC",Tranzact (DDTL),Tranzact,First Lien,tranzact delayed draw term loan,project granite buyer,tranzact
"PROJECT GRANITE BUYER, INC",Tranzact (Revolver),Tranzact,First Lien,tranzact revolver,project granite buyer,tranzact
"PROJECT GRANITE BUYER, INC",Tranzact (Term Loan),Tranzact,First Lien,tranzact term loan,project granite buyer,tranzact
"PT Network Intermediate Holdings, LLC (ALL PIK)",PT Network (TL),,Second Lien,pt network term loan,pt network intermediate holdings all payment in kind,
"PT Network Intermediate Holdings, LLC (Common)",PT Network (Common),,Common Equity,pt network common,pt network intermediate holdings common,
"PT Network Intermediate Holdings, LLC (Preferred)",PT Network (Pref),,Preferred Equity,pt network pref,pt network intermediate holdings preferred,
"PT Network, LLC",PT Network (TL),,Second Lien,pt network term loan,pt network,
"PT Network, LLC (All PIK)",PT Network (TL),,Second Lien,pt network term loan,pt network all payment in kind,
"Pacific Purchaser, LLC ",ProSearch (TL),ProSearch,First Lien,prosearch term loan,pacific purchaser,prosearch
"Pacific Purchaser, LLC ",ProSearch (Revolver),ProSearch,First Lien,prosearch revolver,pacific purchaser,prosearch
"Pacific Purchaser, LLC ",ProSearch (DDTL),ProSearch,First Lien,prosearch delayed draw term loan,pacific purchaser,prosearch
Parq Holdings Limited Partnership,Parq (2L),,Second Lien,parq second lien,parq holdings partnership,
Paving Lessor Corp.,C&K Paving Contractors (Term Loan),C&K Paving Contractors,First Lien,ck paving contractors term loan,paving lessor,ck paving contractors
Paving Lessor Corp.,C&K Paving Contractors (Common Equity),C&K Paving Contractors,Common Equity,ck paving contractors common equity,paving lessor,ck paving contractors
Paving Lessor Corp.,C&K Paving Contractors (DDTL),C&K Paving Contractors,First Lien,ck paving contractors delayed draw term loan,paving lessor,ck paving contractors
"Peninsula Pacific Entertainment Development, LLC",Peninsula Pacific Entertainment (DDTL B),Peninsula Pacific Entertainment,First Lien,peninsula pacific entertainment delayed draw term loan b,peninsula pacific entertainment development,peninsula pacific entertainment
"Peninsula Pacific Entertainment Development, LLC",Peninsula Pacific Entertainment (Term Loan B),Peninsula Pacific Entertainment,First Lien,peninsula pacific entertainment term loan b,peninsula pacific entertainment development,peninsula pacific entertainment
Peninsula Pacific Entertainment LLC,Colonial Downs (TL),,First Lien,colonial downs term loan,peninsula pacific entertainment,
Peninsula Pacific Entertainment LLC - Unfunded Term Loan,Colonial Downs (DDTL),,First Lien,colonial downs delayed draw term loan,peninsula pacific entertainment unfunded term loan,
PennantPark Senior Secured Loan Fund I LLC,,,,,pennantpark senior secured loan fund i,
Pequod Merger Sub Inc.,Simplicity Group (Revolver),Simplicity Group,First Lien,simplicity group revolver,pequod merger sub,simplicity group
Pequod Merger Sub Inc.,Simplicity Group (DDTL),Simplicity Group,First Lien,simplicity group delayed draw term loan,pequod merger sub,simplicity group
Pequod Merger Sub Inc.,Simplicity Group (TL),Simplicity Group,First Lien,simplicity group term loan,pequod merger sub,simplicity group
"Perforce Software, Inc.",Perforce (Term Loan),,First Lien,perforce term loan,perforce software,
"Perforce Software, Inc. - Funded Revolver",Perforce (Revolver),,First Lien,perforce revolver,perforce software funded revolver,
"Perforce Software, Inc. - Unfunded Revolver",Perforce (Revolver),,First Lien,perforce revolver,perforce software unfunded revolver,
Pestell Minerals and Ingredients Inc.,Pestell (Term Loan),,First Lien,pestell term loan,pestell minerals and ingredients,
"Pink Lily Holdco, LLC",Pink Lily (Equity),Pink Lily,Common Equity,pink lily equity,pink lily holdco,pink lily
"Pinnacle Clinical Research, LLC",Pinnacle Clinical Research (Term Loan),Pinnacle Clinical Research,First Lien,pinnacle clinical research term loan,pinnacle clinical research,pinnacle clinical research
"Plant Health Intermediate, Inc.",Douglas (Term Loan),Douglas,First Lien,douglas term loan,plant health intermediate,douglas
"Planview Parent, Inc.",Planview (TL),Planview,First Lien,planview term loan,planview parent,planview
"PlayPower, Inc.",PlayPower (Term Loan),PlayPower,First Lien,playpower term loan,playpower,playpower
"Podean Buyer, LLC",Podean (Common Equity),Podean,Common Equity,podean common equity,podean buyer,podean
"Podean Buyer, LLC",Podean (Term Loan),Podean,First Lien,podean term loan,podean buyer,podean
"Podean Buyer, LLC",Podean (Revolver),Podean,First Lien,podean revolver,podean buyer,podean
Pragmatic Holdings Group LP,Pragmatic Institute (Common),Pragmatic Institute,Common Equity,pragmatic institute common,pragmatic holdings group,pragmatic institute
"Pragmatic Institute, LLC",Pragmatic Institute (TL),Pragmatic Institute,First Lien,pragmatic institute term loan,pragmatic institute,pragmatic institute
"Pragmatic Institute, LLC - Revolver",Pragmatic Institute (Revolver),Pragmatic Institute,First Lien,pragmatic institute revolver,pragmatic institute revolver,pragmatic institute
"Pragmatic Institute, LLC - Unfunded Term Loan",Pragmatic Institute (DDTL),Pragmatic Institute,First Lien,pragmatic institute delayed draw term loan,pragmatic institute unfunded term loan,pragmatic institute
"Project Granite Holdings, LLC",Tranzact (Common Equity),Tranzact,Common Equity,tranzact common equity,project granite holdings,tranzact
"Provation Medical, Inc.",Provation Medical (Term Loan),,Second Lien,provation medical term loan,provation medical,
"Puget Collision, LLC",Puget Collision (Revolver),Puget Collision,First Lien,puget collision revolver,puget collision,puget collision
"Puget Collision, LLC",Puget Collision (Incr. DDTL),Puget Collision,First Lien,puget collision incr delayed draw term loan,puget collision,puget collision
QuantiTech InvestCo II LP,QuantiTech (Common Equity II),QuantiTech,Common Equity,quantitech common equity ii,quantitech investco ii,quantitech
QuantiTech InvestCo LP,QuantiTech (Common Equity I),QuantiTech,Common Equity,quantitech common equity i,quantitech investco,quantitech
QuantiTech InvestCo LP - Unfunded,QuantiTech (Common Equity I),QuantiTech,Common Equity,quantitech common equity i,quantitech investco unfunded,quantitech
QuantiTech LLC,QuantiTech (Second Lien),QuantiTech,Second Lien,quantitech second lien,quantitech,quantitech
Quantic Electronics - Unfunded Revolver,Quantic Electronics (Revolver),Quantic Electronics,First Lien,quantic electronics revolver,quantic electronics unfunded revolver,quantic electronics
Quantic Electronics - Unfunded Term Loan,Quantic Electronics (DDTL),Quantic Electronics,First Lien,quantic electronics delayed draw term loan,quantic electronics unfunded term loan,quantic electronics
"Quantic Electronics, LLC",Quantic Electronics (Term Loan),Quantic Electronics,First Lien,quantic electronics term loan,quantic electronics,quantic electronics
"Quantic Electronics, LLC - Funded Revolver",Quantic Electronics (Revolver),Quantic Electronics,First Lien,quantic electronics revolver,quantic electronics funded revolver,quantic electronics
"Quantic Electronics, LLC - Unfunded Revolver",Quantic Electronics (Revolver),Quantic Electronics,First Lien,quantic electronics revolver,quantic electronics unfunded revolver,quantic electronics
"Quantic Electronics, LLC - Unfunded Term Loan",Quantic Electronics (DDTL),Quantic Electronics,First Lien,quantic electronics delayed draw term loan,quantic electronics unfunded term loan,quantic electronics
"Questex, LLC",Questex (TL),Questex,First Lien,questex term loan,questex,questex
"Questex, LLC - Funded Revolver",Questex (Revolver),Questex,First Lien,questex revolver,questex funded revolver,questex
"Questex, LLC - Unfunded Revolver",Questex (Revolver),Questex,First Lien,questex revolver,questex unfunded revolver,questex
RAM Energy Holdings LLC ,Ram (Term Loan),RAM Energy,First Lien,ram term loan,ram energy holdings,ram energy
RAM Energy Holdings LLC - Funded Revolver,Ram (Revolver),RAM Energy,First Lien,ram revolver,ram energy holdings funded revolver,ram energy
RAM Energy Holdings LLC(Common),Ram (Equity),RAM Energy,Common Equity,ram equity,ram energy holdings llccommon,ram energy
RFMG Parent LP,Rancho (Equity),Rancho Medical,Common Equity,rancho equity,rfmg parent,rancho medical
"RFMG Parent, LP",Rancho (Equity),Rancho Medical,Common Equity,rancho equity,rfmg parent,rancho medical
"RRA CORPORATE, LLC",Roofed Right America (DDTL 2),Roofed Right America,First Lien,roofed right america delayed draw term loan 2,rra corporate,roofed right america
"RRA CORPORATE, LLC",Roofed Right America (DDTL 1),Roofed Right America,First Lien,roofed right america delayed draw term loan 1,rra corporate,roofed right america
"RRA CORPORATE, LLC",Roofed Right America (Revolver),Roofed Right America,First Lien,roofed right america revolver,rra corporate,roofed right america
"RRA CORPORATE, LLC",Roofed Right America (Term Loan),Roofed Right America,First Lien,roofed right america term loan,rra corporate,roofed right america
"RTIC Parent Holdings, LLC",RTIC (Preferred Equity B),RTIC,Preferred Equity,rtic preferred equity b,rtic parent holdings,rtic
"RTIC Parent Holdings, LLC",RTIC (Common Equity),RTIC,Common Equity,rtic common equity,rtic parent holdings,rtic
"RTIC Parent Holdings, LLC",RTIC (Preferred Equity A),RTIC,Preferred Equity,rtic preferred equity a,rtic parent holdings,rtic
"RTIC Parent Holdings, LLC (Common)",RTIC (Common Equity),RTIC,Common Equity,rtic common equity,rtic parent holdings common,rtic
"RTIC Parent Holdings, LLC (Preferred A)",RTIC (Preferred Equity A),RTIC,Preferred Equity,rtic preferred equity a,rtic parent holdings preferred a,rtic
"RTIC Parent Holdings, LLC (Preferred B)",RTIC (Preferred Equity B),RTIC,Preferred Equity,rtic preferred equity b,rtic parent holdings preferred b,rtic
"RTIC Parent Holdings, LLC (Preferred C)",RTIC (Preferred Equity C),RTIC,Preferred Equity,rtic preferred equity c,rtic parent holdings preferred c,rtic
"RTIC Parent Holdings, LLC (Preferred D)",RTIC (Preferred Equity D),RTIC,Preferred Equity,rtic preferred equity d,rtic parent holdings preferred d,rtic
"RTIC Subsidiary Holdings, LLC",RTIC (TL),RTIC,First Lien,rtic term loan,rtic subsidiary holdings,rtic
"RTIC Subsidiary Holdings, LLC - Funded Revolver",RTIC (Revolver),RTIC,First Lien,rtic revolver,rtic subsidiary holdings funded revolver,rtic
"RTIC Subsidiary Holdings, LLC - Unfunded Revolver",RTIC (Revolver),RTIC,First Lien,rtic revolver,rtic subsidiary holdings unfunded revolver,rtic
"Radius Aerospace, Inc.",Radius Aerospace (Term Loan),Radius Aerospace,First Lien,radius aerospace term loan,radius aerospace,radius aerospace
"Radius Aerospace, Inc. - Funded Revolver",Radius Aerospace (Revolver),Radius Aerospace,First Lien,radius aerospace revolver,radius aerospace funded revolver,radius aerospace
"Radius Aerospace, Inc. - Unfunded Revolver",Radius Aerospace (Revolver),Radius Aerospace,First Lien,radius aerospace revolver,radius aerospace unfunded revolver,radius aerospace
Rancho,Rancho (TL),Rancho Medical,First Lien,rancho term loan,rancho,rancho medical
"Rancho Health MSO, Inc.",Rancho (TL),Rancho Medical,First Lien,rancho term loan,rancho health mso,rancho medical
"Rancho Health MSO, Inc.  - Unfunded Term Loan",Rancho (DDTL),Rancho Medical,First Lien,rancho delayed draw term loan,rancho health mso unfunded term loan,rancho medical
"Rancho Health MSO, Inc. - Funded Revolver",Rancho (Revolver),Rancho Medical,First Lien,rancho revolver,rancho health mso funded revolver,rancho medical
"Rancho Health MSO, Inc. - Unfunded Revolver",Rancho (Revolver),Rancho Medical,First Lien,rancho revolver,rancho health mso unfunded revolver,rancho medical
"Rancho Health MSO, Inc. - Unfunded Term Loan",Rancho (DDTL),Rancho Medical,First Lien,rancho delayed draw term loan,rancho health mso unfunded term loan,rancho medical
"Real Life Holdings, LLC",Real Life Residential (Common Equity),Real Life Residential,Common Equity,real life residential common equity,real life holdings,real life residential
"Real Life Intermediate Holdings, LLC",Real Life Residential (DDTL),Real Life Residential,First Lien,real life residential delayed draw term loan,real life intermediate holdings,real life residential
"Real Life Intermediate Holdings, LLC",Real Life Residential (Term Loan),Real Life Residential,First Lien,real life residential term loan,real life intermediate holdings,real life residential
"Real Life Intermediate Holdings, LLC",Real Life Residential (Revolver),Real Life Residential,First Lien,real life residential revolver,real life intermediate holdings,real life residential
"Reception Purchaser, LLC",STG (Second Out Term Loans),STG Logistics,First Lien,stg second out term loans,reception purchaser,stg logistics
"Reception Purchaser, LLC",STG (TL),STG Logistics,First Lien,stg term loan,reception purchaser,stg logistics
"Reception Purchaser, LLC",STG (First Out New Money Term Loans),STG Logistics,First Lien,stg first out new money term loans,reception purchaser,stg logistics
"Recteq, LLC",Recteq (TL),Recteq,First Lien,recteq term loan,recteq,recteq
"Recteq, LLC - Funded Revolver",Recteq (Revolver),Recteq,First Lien,recteq revolver,recteq funded revolver,recteq
"Recteq, LLC - Revolver",Recteq (Revolver),Recteq,First Lien,recteq revolver,recteq revolver,recteq
"Recteq, LLC - Term Loan",Recteq (TL),Recteq,First Lien,recteq term loan,recteq term loan,recteq
"Recteq, LLC - Unfunded Revolver",Recteq (Revolver),Recteq,First Lien,recteq revolver,recteq unfunded revolver,recteq
"Research Horizons, LLC",Research Horizons (TL),,First Lien,research horizons term loan,research horizons,
"Research Horizons, LLC - Delayed Draw Term Loan",Research Horizons (DDTL),,First Lien,research horizons delayed draw term loan,research horizons delayed draw term loan,
"Research Horizons, LLC - Funded Revolver",Research Horizons (Rev),,First Lien,research horizons revolver,research horizons funded revolver,
"Research Horizons, LLC - Unfunded Revolver",Research Horizons (Rev),,First Lien,research horizons revolver,research horizons unfunded revolver,
"Research Horizons, LLC - Unfunded Term Loan",Research Horizons (DDTL),,First Lien,research horizons delayed draw term loan,research horizons unfunded term loan,
"Research Now Group, Inc.",Research Now / SSI (1st),Research Now/SSI,First Lien,research now ssi first,research now group,research now ssi
"Research Now Group, Inc. and Survey Sampling International LLC",Research Now / SSI (1st),Research Now/SSI,First Lien,research now ssi first,research now group and survey sampling international,research now ssi
"Research Now Group, LLC",Research Now / SSI (1st),Research Now/SSI,First Lien,research now ssi first,research now group,research now ssi
"Research Now Group, LLC and Dynata, LLC",Research Now / SSI (SOTL),Research Now/SSI,First Lien,research now ssi sotl,research now group and dynata,research now ssi
"Research Now Group, LLC and Dynata, LLC",Research Now / SSI (1st),Research Now/SSI,First Lien,research now ssi first,research now group and dynata,research now ssi
"Research Now Group, LLC and Dynata, LLC",Research Now / SSI (FOTL),Research Now/SSI,First Lien,research now ssi fotl,research now group and dynata,research now ssi
"Riverpoint Medical, LLC",Riverpoint Medical (TL),Riverpoint,First Lien,riverpoint medical term loan,riverpoint medical,riverpoint
"Riverpoint Medical, LLC",Riverpoint Medical (Incremental TL),Riverpoint,First Lien,riverpoint medical incremental term loan,riverpoint medical,riverpoint
"Riverpoint Medical, LLC - Funded Revolver",Riverpoint Medical (Revolver),Riverpoint,First Lien,riverpoint medical revolver,riverpoint medical funded revolver,riverpoint
"Riverpoint Medical, LLC - Unfunded Revolver",Riverpoint Medical (Revolver),Riverpoint,First Lien,riverpoint medical revolver,riverpoint medical unfunded revolver,riverpoint
"Riverside Assessments, LLC",Riverside Insights (FLLO),Riverside Insights,First Lien,riverside insights fllo,riverside assessments,riverside insights
"Riverside Assessments, LLC ",Riverside Insights (FLLO),Riverside Insights,First Lien,riverside insights fllo,riverside assessments,riverside insights
"Ro Health Holdings, Inc.",Ro Health (Common Equity),Ro Health ,Common Equity,ro health common equity,ro health holdings,ro health
"Ro Health, LLC ",Ro Health (Revolver),Ro Health ,First Lien,ro health revolver,ro health,ro health
"Ro Health, LLC ",Ro Health (Term Loan),Ro Health ,First Lien,ro health term loan,ro health,ro health
"Rosco Parent, LLC",Rosco (Revolver),Rosco,First Lien,rosco revolver,rosco parent,rosco
"Rosco Parent, LLC",Rosco (Common Equity),Rosco,Common Equity,rosco common equity,rosco parent,rosco
"Rosco Parent, LLC",Rosco (Term Loan),Rosco,First Lien,rosco term loan,rosco parent,rosco
Route 66 Development Authority,Harrah's Oklahoma (Term Loan),Harrah's Oklahoma,First Lien,harrahs oklahoma term loan,route 66 development authority,harrahs oklahoma
"Rural Sourcing Holdings, Inc. (HPA SPQ Merger Sub, Inc.)",Sparq (TL),Sparq,First Lien,sparq term loan,rural sourcing holdings hpa spq merger sub,sparq
"S101 ACQUISITION, INC.",Security 101 (Revolver),Security 101,First Lien,security 101 revolver,s101 acquisition,security 101
"S101 ACQUISITION, INC.",Security 101 (TL),Security 101,First Lien,security 101 term loan,s101 acquisition,security 101
"S101 ACQUISITION, INC.",Security 101 (DDTL),Security 101,First Lien,security 101 delayed draw term loan,s101 acquisition,security 101
"SAFE HAVEN DEFENSE US, LLC",Safe Haven (Revolver),Safe Haven,First Lien,safe haven revolver,safe haven defense us,safe haven
"SAFE HAVEN DEFENSE US, LLC",Safe Haven (Common Equity),Safe Haven,Common Equity,safe haven common equity,safe haven defense us,safe haven
"SAFE HAVEN DEFENSE US, LLC",Safe Haven (Term Loan),Safe Haven,First Lien,safe haven term loan,safe haven defense us,safe haven
SBI Holdings Investments LLC,Sales Benchmark Index (Equity),Sales Benchmark Index (SBI),Common Equity,sales benchmark index equity,sbi holdings investments,sales benchmark index sbi
SBI Holdings Investments LLC (Sales Benchmark Index LLC),Sales Benchmark Index (Equity),Sales Benchmark Index (SBI),Common Equity,sales benchmark index equity,sbi holdings investments sales benchmark index,sales benchmark index sbi
SBI LLC - Common Equity,Sales Benchmark Index (Equity),Sales Benchmark Index (SBI),Common Equity,sales benchmark index equity,sbi common equity,sales benchmark index sbi
SD InvestCo GP LLC ,Sigma Defense (Equity),Sigma Defense,Common Equity,sigma defense equity,sd investco gp,sigma defense
"SFP Holding, Inc.",Summit Companies (Term Loan),,First Lien,summit companies term loan,sfp holding,
"SFP Holding, Inc. - Funded Revolver",Summit Companies (Revolver),,First Lien,summit companies revolver,sfp holding funded revolver,
"SFP Holding, Inc. - Unfunded Revolver",Summit Companies (Revolver),,First Lien,summit companies revolver,sfp holding unfunded revolver,
"SFP Holding, Inc. - Unfunded Term Loan",Summit Companies (DDTL),,First Lien,summit companies delayed draw term loan,sfp holding unfunded term loan,
SP L2 Holdings LLC - Equity,Ledge Lounger (Equity),Ledge Lounger,Common Equity,ledge lounger equity,sp l2 holdings equity,ledge lounger
"SP L2 Holdings, LLC",Ledge Lounger (Equity),Ledge Lounger,Common Equity,ledge lounger equity,sp l2 holdings,ledge lounger
SPENDMEND HOLDINGS LLC,SpendMend (Term Loan),SpendMend,First Lien,spendmend term loan,spendmend holdings,spendmend
SPENDMEND HOLDINGS LLC - Funded Revolver,SpendMend (Revolver),SpendMend,First Lien,spendmend revolver,spendmend holdings funded revolver,spendmend
SPENDMEND HOLDINGS LLC - Unfunded Revolver,SpendMend (Revolver),SpendMend,First Lien,spendmend revolver,spendmend holdings unfunded revolver,spendmend
SPENDMEND HOLDINGS LLC - Unfunded Term Loan,SpendMend (DDTL),SpendMend,First Lien,spendmend delayed draw term loan,spendmend holdings unfunded term loan,spendmend
"SSC Dominion Holdings, LLC - Class A (US Dominion, Inc.)",Dominion Voting (Equity),Dominion Voting Systems,Common Equity,dominion voting equity,ssc dominion holdings class a us dominion,dominion voting systems
"SSC Dominion Holdings, LLC - Class B (US Dominion, Inc.)",Dominion Voting (Equity),Dominion Voting Systems,Common Equity,dominion voting equity,ssc dominion holdings class b us dominion,dominion voting systems
STV Group Incorporated,STV Group (TL),STV Group,First Lien,stv group term loan,stv group incorporated,stv group
"SV-Aero Holdings, LLC",Aeronix (DDTL),Aeronix,First Lien,aeronix delayed draw term loan,sv aero holdings,aeronix
"SV-Aero Holdings, LLC",Aeronix (Common Equity),Aeronix,Common Equity,aeronix common equity,sv aero holdings,aeronix
Sabai Group LLC,Sabai Group (Term Loan),Sabai Group,First Lien,sabai group term loan,sabai group,sabai group
"Sabel Systems Technology Solutions, LLC",Sabel Systems (Term Loan),Sabel Systems,First Lien,sabel systems term loan,sabel systems technology solutions,sabel systems
"Sabel Systems Technology Solutions, LLC",Sabel Systems (Revolver),Sabel Systems,First Lien,sabel systems revolver,sabel systems technology solutions,sabel systems
Sales Benchmark Index LLC,Sales Benchmark Index (TL),Sales Benchmark Index (SBI),First Lien,sales benchmark index term loan,sales benchmark index,sales benchmark index sbi
Sales Benchmark Index LLC - DDTL,Sales Benchmark Index (DDTL),Sales Benchmark Index (SBI),First Lien,sales benchmark index delayed draw term loan,sales benchmark index delayed draw term loan,sales benchmark index sbi
Sales Benchmark Index LLC - Funded Revolver,Sales Benchmark Index (Revolver),Sales Benchmark Index (SBI),First Lien,sales benchmark index revolver,sales benchmark index funded revolver,sales benchmark index sbi
Sales Benchmark Index LLC - Unfunded  Term Loan,Sales Benchmark Index (DDTL),Sales Benchmark Index (SBI),First Lien,sales benchmark index delayed draw term loan,sales benchmark index unfunded term loan,sales benchmark index sbi
Sales Benchmark Index LLC - Unfunded Revolver,Sales Benchmark Index (Revolver),Sales Benchmark Index (SBI),First Lien,sales benchmark index revolver,sales benchmark index unfunded revolver,sales benchmark index sbi
Sales Benchmark Index LLC - Unfunded Term Loan,Sales Benchmark Index (DDTL),Sales Benchmark Index (SBI),First Lien,sales benchmark index delayed draw term loan,sales benchmark index unfunded term loan,sales benchmark index sbi
Salient CRGT Inc.,SalientCRGT,,First Lien,salientcrgt,salient crgt,
Sargent & Greenleaf Inc.,Sargent & Greenleaf (Term Loan),Sargent & Greenleaf,First Lien,sargent greenleaf term loan,sargent greenleaf,sargent greenleaf
Sargent & Greenleaf Inc. - Funded Revolver,Sargent & Greenleaf (Revolver),Sargent & Greenleaf,First Lien,sargent greenleaf revolver,sargent greenleaf funded revolver,sargent greenleaf
Sargent & Greenleaf Inc. - Unfunded Revolver,Sargent & Greenleaf (Revolver),Sargent & Greenleaf,First Lien,sargent greenleaf revolver,sargent greenleaf unfunded revolver,sargent greenleaf
"Sargent & Greenleaf, Inc.",Sargent & Greenleaf (Term Loan),Sargent & Greenleaf,First Lien,sargent greenleaf term loan,sargent greenleaf,sargent greenleaf
"Sargent & Greenleaf, Inc. - Funded Revolver",Sargent & Greenleaf (Revolver),Sargent & Greenleaf,First Lien,sargent greenleaf revolver,sargent greenleaf funded revolver,sargent greenleaf
"Sargent & Greenleaf, Inc. - Unfunded Revolver",Sargent & Greenleaf (Revolver),Sargent & Greenleaf,First Lien,sargent greenleaf revolver,sargent greenleaf unfunded revolver,sargent greenleaf
"Schlesinger Global, Inc.",Schlesinger (Term Loan),Schlesinger,First Lien,schlesinger term loan,schlesinger global,schlesinger
"Schlesinger Global, Inc. - Funded Revolver",Schlesinger (Revolver),Schlesinger,First Lien,schlesinger revolver,schlesinger global funded revolver,schlesinger
"Schlesinger Global, Inc. - Unfunded Revolver",Schlesinger (Revolver),Schlesinger,First Lien,schlesinger revolver,schlesinger global unfunded revolver,schlesinger
"Schlesinger Global, Inc. - Unfunded Term Loan",Schlesinger (DDTL),Schlesinger,First Lien,schlesinger delayed draw term loan,schlesinger global unfunded term loan,schlesinger
"Scp Clinical Research Intermediate Holdings, LLC",PhaseWell Research (Revolver),PhaseWell Research,First Lien,phasewell research revolver,scp clinical research intermediate holdings,phasewell research
"Scp Clinical Research Intermediate Holdings, LLC",PhaseWell Research (DDTL),PhaseWell Research,First Lien,phasewell research delayed draw term loan,scp clinical research intermediate holdings,phasewell research
"Scp Clinical Research Intermediate Holdings, LLC",PhaseWell Research (Term Loan),PhaseWell Research,First Lien,phasewell research term loan,scp clinical research intermediate holdings,phasewell research
"Seacoast Service Partners NA, LLC ",Seacoast Service Partners (Revolver),Seacoast Service Partners,First Lien,seacoast service partners revolver,seacoast service partners na,seacoast service partners
"Seacoast Service Partners NA, LLC ",Seacoast Service Partners (DDTL),Seacoast Service Partners,First Lien,seacoast service partners delayed draw term loan,seacoast service partners na,seacoast service partners
"Seacoast Service Partners NA, LLC ",Seacoast Service Partners (Term Loan),Seacoast Service Partners,First Lien,seacoast service partners term loan,seacoast service partners na,seacoast service partners
"Seacoast Service Partners, LLC",Seacoast Service Partners (Common Equity),Seacoast Service Partners,Common Equity,seacoast service partners common equity,seacoast service partners,seacoast service partners
"Seacoast Service Partners, LLC ",Seacoast Service Partners (Common Equity),Seacoast Service Partners,Common Equity,seacoast service partners common equity,seacoast service partners,seacoast service partners
"Seaway Buyer, LLC",Seaway (TL),Seaway Plastics,First Lien,seaway term loan,seaway buyer,seaway plastics
"Seaway Buyer, LLC - Funded Revolver",Seaway (Revolver),Seaway Plastics,First Lien,seaway revolver,seaway buyer funded revolver,seaway plastics
"Seaway Buyer, LLC - Unfunded Revolver",Seaway (Revolver),Seaway Plastics,First Lien,seaway revolver,seaway buyer unfunded revolver,seaway plastics
Seaway TopCo LP,Seaway (Equity),Seaway Plastics,Common Equity,seaway equity,seaway topco,seaway plastics
"Seaway Topco, LLC",Seaway (Equity),Seaway Plastics,Common Equity,seaway equity,seaway topco,seaway plastics
"Seaway Topco, LP",Seaway (Equity),Seaway Plastics,Common Equity,seaway equity,seaway topco,seaway plastics
"Seaway Topco, LP (Common Equity)",Seaway (Equity),Seaway Plastics,Common Equity,seaway equity,seaway topco common equity,seaway plastics
"ShiftKey, LLC",ShiftKey (Term Loan),ShiftKey,First Lien,shiftkey term loan,shiftkey,shiftkey
"Sigma Defense Systems, Inc. - Incremental Term Loan",Sigma Defense (Incremental TL),Sigma Defense,First Lien,sigma defense incremental term loan,sigma defense systems incremental term loan,sigma defense
"Sigma Defense Systems, Inc. - Revolver",Sigma Defense (Revolver),Sigma Defense,First Lien,sigma defense revolver,sigma defense systems revolver,sigma defense
"Sigma Defense Systems, Inc. - Term Loan",Sigma Defense (Term Loan),Sigma Defense,First Lien,sigma defense term loan,sigma defense systems term loan,sigma defense
"Sigma Defense Systems, LLC",Sigma Defense (Term Loan),Sigma Defense,First Lien,sigma defense term loan,sigma defense systems,sigma defense
"Sigma Defense Systems, LLC - Funded Revolver",Sigma Defense (Revolver),Sigma Defense,First Lien,sigma defense revolver,sigma defense systems funded revolver,sigma defense
"Sigma Defense Systems, LLC - Revolver",Sigma Defense (Revolver),Sigma Defense,First Lien,sigma defense revolver,sigma defense systems revolver,sigma defense
"Sigma Defense Systems, LLC - Unfunded Revolver",Sigma Defense (Revolver),Sigma Defense,First Lien,sigma defense revolver,sigma defense systems unfunded revolver,sigma defense
"Signature CR Intermediate Holdco, Inc. (Common)",Signature Systems Group (Common Equity),Signature Systems Group,Common Equity,signature systems group common equity,signature cr intermediate holdco common,signature systems group
"Signature CR Intermediate Holdco, Inc. (Preferred)",Signature Systems Group (Preferred Equity),Signature Systems Group,Preferred Equity,signature systems group preferred equity,signature cr intermediate holdco preferred,signature systems group
Signature Systems Holding Company,Signature Systems Group (TL),Signature Systems Group,First Lien,signature systems group term loan,signature systems holding,signature systems group
Signature Systems Holding Company - Funded Revolver,Signature Systems Group (RC),Signature Systems Group,First Lien,signature systems group revolver,signature systems holding funded revolver,signature systems group
Signature Systems Holding Company - Term Loan II,Signature Systems Group (TL II),Signature Systems Group,First Lien,signature systems group term loan ii,signature systems holding term loan ii,signature systems group
Signature Systems Holding Company - Unfunded Revolver,Signature Systems Group (RC),Signature Systems Group,First Lien,signature systems group revolver,signature systems holding unfunded revolver,signature systems group
Signature Systems Holding Company First Lien Term Loan II,Signature Systems Group (TL II),Signature Systems Group,First Lien,signature systems group term loan ii,signature systems holding first lien term loan ii,signature systems group
Signature Systems Holding Company. - Unfunded Revolver,Signature Systems Group (RC),Signature Systems Group,First Lien,signature systems group revolver,signature systems holding unfunded revolver,signature systems group
Skopima Consilio Parent LLC,Consilio (TL),Consilio,First Lien,consilio term loan,skopima consilio parent,consilio
"Skopima Consilio Parent, LLC",Consilio (TL),Consilio,First Lien,consilio term loan,skopima consilio parent,consilio
Smile Brands Inc.,Smile Brands (TL),Smile Brands,First Lien,smile brands term loan,smile brands,smile brands
Smile Brands Inc. - Funded Revolver,Smile Brands (Revolver),Smile Brands,First Lien,smile brands revolver,smile brands funded revolver,smile brands
Smile Brands Inc. - Unfunded Revolver,Smile Brands (Revolver),Smile Brands,First Lien,smile brands revolver,smile brands unfunded revolver,smile brands
Smile Brands Inc. - Unfunded Revolver - LC,Smile Brands (Revolver),Smile Brands,First Lien,smile brands revolver,smile brands unfunded revolver lc,smile brands
Smile Brands Inc. - Unfunded Term Loan,Smile Brands (DDTL),Smile Brands,First Lien,smile brands delayed draw term loan,smile brands unfunded term loan,smile brands
"Smile Brands, Inc.",Smile Brands (TL),Smile Brands,First Lien,smile brands term loan,smile brands,smile brands
"Smile Brands, Inc. - Funded Revolver",Smile Brands (Revolver),Smile Brands,First Lien,smile brands revolver,smile brands funded revolver,smile brands
"Smile Brands, Inc. - Unfunded Revolver",Smile Brands (Revolver),Smile Brands,First Lien,smile brands revolver,smile brands unfunded revolver,smile brands
"Smile Brands, Inc. - Unfunded Term Loan",Smile Brands (DDTL),Smile Brands,First Lien,smile brands delayed draw term loan,smile brands unfunded term loan,smile brands
"Snak Club, LLC",Snak Club (TL),Snak Club,First Lien,snak club term loan,snak club,snak club
"Snak Club, LLC - Funded Revolver",Snak Club (Rev),Snak Club,First Lien,snak club revolver,snak club funded revolver,snak club
"Snak Club, LLC - Unfunded Revolver",Snak Club (Rev),Snak Club,First Lien,snak club revolver,snak club unfunded revolver,snak club
"Snak Club, LLC - Unfunded Revolver (Temporary)",Snak Club (Rev),Snak Club,First Lien,snak club revolver,snak club unfunded revolver temporary,snak club
"Solutionreach, Inc.",Solutionreach (TL),Solutionreach,First Lien,solutionreach term loan,solutionreach,solutionreach
"Solutionreach, Inc. ",Solutionreach (TL),Solutionreach,First Lien,solutionreach term loan,solutionreach,solutionreach
"Solutionreach, Inc. - Funded Revolver",Solutionreach (Rev),Solutionreach,First Lien,solutionreach revolver,solutionreach funded revolver,solutionreach
"Solutionreach, Inc. - Unfunded Revolver",Solutionreach (Rev),Solutionreach,First Lien,solutionreach revolver,solutionreach unfunded revolver,solutionreach
"Southern Veterinary Partners, LLC",Southern Veterinary Partners (TL),Southern Veterinary Partners,First Lien,southern veterinary partners term loan,southern veterinary partners,southern veterinary partners
"Spear Education, LLC",Spear Education (TL),Spear Education,First Lien,spear education term loan,spear education,spear education
"Spear Education, LLC - Unfunded Term Loan",Spear Education (DDTL),Spear Education,First Lien,spear education delayed draw term loan,spear education unfunded term loan,spear education
"Spectacle Gary Holdings, LLC",Hard Rock Gary (TL),,First Lien,hard rock gary term loan,spectacle gary holdings,
"Spectacle Gary Holdings, LLC - DDTL",Hard Rock Gary (DDTL),,First Lien,hard rock gary delayed draw term loan,spectacle gary holdings delayed draw term loan,
"Spectacle Gary Holdings, LLC - Unfunded Term Loan",Hard Rock Gary (DDTL),,First Lien,hard rock gary delayed draw term loan,spectacle gary holdings unfunded term loan,
Spin Holdco Inc.,CSC Service Works,,Second Lien,csc service works,spin holdco,
Spyder (BC) Bidco Pty Ltd,Camp Australia,Camp Australia,Second Lien,camp australia,spyder bc bidco pty,camp australia
"StellPen Holdings, LLC (CF512, Inc.)",Gen3 Marketing (Common Equity),Gen3 Marketing,Common Equity,gen3 marketing common equity,stellpen holdings cf512,gen3 marketing
"StoicLane, Inc.",Archer Lewis (Common Equity),Archer Lewis,Common Equity,archer lewis common equity,stoiclane,archer lewis
"Summit Behavioral Healthcare, LLC",Summit Behavioral Healthcare,Summit Behavioral Healthcare,First Lien,summit behavioral healthcare,summit behavioral healthcare,summit behavioral healthcare
"Superior Digital Display Holdings, Inc. (P)",Superior (Preferred A),,Preferred Equity,superior preferred a,superior digital display holdings p,
"Superior Digital Display Holdings, Inc. (Series B)",Superior (Preferred B),,Preferred Equity,superior preferred b,superior digital display holdings series b,
"Superior Digital Displays Holdings, Inc. ",Superior (Common),,Common Equity,superior common,superior digital displays holdings,
"Superior Digital Displays, LLC (ALL PIK)",Superior (Term Loan),,First Lien,superior term loan,superior digital displays all payment in kind,
"Symplr Software, Inc.",Symplr (TL),Symplr,First Lien,symplr term loan,symplr software,symplr
"System Planning and Analysis, Inc.",MCR (Term Loan),MCR,First Lien,mcr term loan,system planning and analysis,mcr
"System Planning and Analysis, Inc. (f/k/a Management Consulting & Research, LLC)",MCR (Term Loan),MCR,First Lien,mcr term loan,system planning and analysis f k a management consulting research,mcr
"System Planning and Analysis, Inc. - Unfunded Revolver (f/k/a Management Consulting & Research, LLC)",MCR (Revolver),MCR,First Lien,mcr revolver,system planning and analysis unfunded revolver f k a management consulting research,mcr
TAC LifePort Holdings LLC,LifePort (Equity),LifePort,Common Equity,lifeport equity,tac lifeport holdings,lifeport
"TAC LifePort Holdings, LLC",LifePort (Equity),LifePort,Common Equity,lifeport equity,tac lifeport holdings,lifeport
"TAC LifePort Purchaser, LLC",LifePort (Term Loan),LifePort,First Lien,lifeport term loan,tac lifeport purchaser,lifeport
"TAC LifePort Purchaser, LLC ",LifePort (Term Loan),LifePort,First Lien,lifeport term loan,tac lifeport purchaser,lifeport
"TAC LifePort Purchaser, LLC - Funded Revolver",LifePort (Revolver),LifePort,First Lien,lifeport revolver,tac lifeport purchaser funded revolver,lifeport
"TAC LifePort Purchaser, LLC - Unfunded Revolver",LifePort (Revolver),LifePort,First Lien,lifeport revolver,tac lifeport purchaser unfunded revolver,lifeport
"TCG 3.0 JOGGER ACQUISITIONCO, INC.",BiggerPockets (TL),BiggerPockets,First Lien,biggerpockets term loan,tcg 3 0 jogger acquisitionco,biggerpockets
"TCG 3.0 JOGGER ACQUISITIONCO, INC. ",BiggerPockets (TL),BiggerPockets,First Lien,biggerpockets term loan,tcg 3 0 jogger acquisitionco,biggerpockets
"TCG 3.0 JOGGER ACQUISITIONCO, INC. ",BiggerPockets (Revolver),BiggerPockets,First Lien,biggerpockets revolver,tcg 3 0 jogger acquisitionco,biggerpockets
"TCG 3.0 Jogger Co-Invest, LP ",BiggerPockets (Common Equity),BiggerPockets,Common Equity,biggerpockets common equity,tcg 3 0 jogger invest,biggerpockets
"TPC Broadband Investors, LP",Advanced Cable,,Common Equity,advanced cable,tpc broadband investors,
"TPC Broadband Investors, LP (Unfunded)",Advanced Cable,,Common Equity,advanced cable,tpc broadband investors unfunded,
"TPC Canada Parent, Inc. and TPC US Parent, LLC",Targeted Pet Care (Term Loan),Targeted Pet Care,First Lien,targeted pet care term loan,tpc canada parent and tpc us parent,targeted pet care
"TPC Holding Company, LP (Common)",Targeted Pet Care (Common Equity),Targeted Pet Care,Common Equity,targeted pet care common equity,tpc holding common,targeted pet care
"TPC Holding Company, LP (Preferred)",Targeted Pet Care (Preferred Equity),Targeted Pet Care,Preferred Equity,targeted pet care preferred equity,tpc holding preferred,targeted pet care
"TPC Holding Company, LP – Common",Targeted Pet Care (Common Equity),Targeted Pet Care,Common Equity,targeted pet care common equity,tpc holding common,targeted pet care
"TPC Holding Company, LP – Preferred",Targeted Pet Care (Preferred Equity),Targeted Pet Care,Preferred Equity,targeted pet care preferred equity,tpc holding preferred,targeted pet care
"TPCN Holdings, LLC ",TPCN (Common Equity),Total Pool Care Network,Common Equity,tpcn common equity,tpcn holdings,total pool care network
"TPCN Midco, LLC",TPCN (DDTL),Total Pool Care Network,First Lien,tpcn delayed draw term loan,tpcn midco,total pool care network
"TPCN Midco, LLC",TPCN (Term Loan),Total Pool Care Network,First Lien,tpcn term loan,tpcn midco,total pool care network
"TPCN Midco, LLC",TPCN (Revolver),Total Pool Care Network,First Lien,tpcn revolver,tpcn midco,total pool care network
"TRANSGO, LLC",TransGo (TL),TransGo,First Lien,transgo term loan,transgo,transgo
"TRANSGO, LLC",TransGo (Revolver),TransGo,First Lien,transgo revolver,transgo,transgo
"TVC Enterprises, LLC",TVC (TL),TVC,First Lien,tvc term loan,tvc enterprises,tvc
"TVC Enterprises, LLC - Funded Revolver",TVC (Revolver),TVC,First Lien,tvc revolver,tvc enterprises funded revolver,tvc
"TVC Enterprises, LLC - Unfunded Revolver",TVC (Revolver),TVC,First Lien,tvc revolver,tvc enterprises unfunded revolver,tvc
"TVC Enterprises, LLC - Unfunded Term Loan",TVC (DDTL),TVC,First Lien,tvc delayed draw term loan,tvc enterprises unfunded term loan,tvc
"TWD Parent Holdings, LLC (The Vertex Companies, LLC) (Common)",Vertex (Common Equity),Vertex,Common Equity,vertex common equity,twd parent holdings the vertex companies common,vertex
"TWD Parent Holdings, LLC (The Vertex Companies, LLC) (Preferred)",Vertex (Preferred Equity),Vertex,Preferred Equity,vertex preferred equity,twd parent holdings the vertex companies preferred,vertex
"TWD Parent Holdings, LLC - Common Equity",Vertex (Common Equity),Vertex,Common Equity,vertex common equity,twd parent holdings common equity,vertex
"TWD Parent Holdings, LLC - Preferred Equity",Vertex (Preferred Equity),Vertex,Preferred Equity,vertex preferred equity,twd parent holdings preferred equity,vertex
TWS Acquisition Corporation,StrataTech (Term Loan),StrataTech,First Lien,stratatech term loan,tws acquisition corporation,stratatech
TWS Acquisition Corporation - Funded Revolver,StrataTech (Revolver),StrataTech,First Lien,stratatech revolver,tws acquisition corporation funded revolver,stratatech
TWS Acquisition Corporation - Unfunded Revolver,StrataTech (Revolver),StrataTech,First Lien,stratatech revolver,tws acquisition corporation unfunded revolver,stratatech
"Team Services Group, LLC",TEAM Services Group (First Lien Term Loan),TEAM Services Group,First Lien,team services group first lien term loan,team services group,team services group
"Team Services Group, LLC",TEAM Services Group (Second Lien Term Loan),TEAM Services Group,Second Lien,team services group second lien term loan,team services group,team services group
"Team Services Group, LLC - 2nd Lien",TEAM Services Group (Second Lien Term Loan),TEAM Services Group,Second Lien,team services group second lien term loan,team services group second lien,team services group
"TeleGuam Holdings, LLC",Teleguam,Teleguam,First Lien,teleguam,teleguam holdings,teleguam
"TeleGuam Holdings, LLC ",Teleguam,Teleguam,First Lien,teleguam,teleguam holdings,teleguam
Teneo Holdings LLC,Teneo (TL),Teneo,First Lien,teneo term loan,teneo holdings,teneo
Tensar Corporation,Tensar,,First Lien,tensar,tensar corporation,
Test,test,Test,Test,test,test,test
Test,Test,Test,Test,test,test,test
Test1,Test1,Test1,Test1,test1,test1,test1
"The Aegis Technologies Group, LLC",BlueHalo (Term Loan),BlueHalo,First Lien,bluehalo term loan,the aegis technologies group,bluehalo
The Bluebird Group LLC,Bluebird (Term Loan),Bluebird,First Lien,bluebird term loan,the bluebird group,bluebird
The Bluebird Group LLC - Unfunded Revolver,Bluebird (Revolver),Bluebird,First Lien,bluebird revolver,the bluebird group unfunded revolver,bluebird
"The Edelman Financial Center, LLC",Edelman (Term Loan),Edelman,First Lien,edelman term loan,the edelman financial center,edelman
"The Infosoft Group, LLC",Infosoft (TL),Infosoft,First Lien,infosoft term loan,the infosoft group,infosoft
The Original Cakerie Ltd.,The Original Cakerie Ltd. (CAD TL),The Original Cakerie,First Lien,the original cakerie cad term loan,the original cakerie,the original cakerie
The Original Cakerie Ltd. - Funded Revolver,The Original Cakerie Ltd. (CAD Revolver),The Original Cakerie,First Lien,the original cakerie cad revolver,the original cakerie funded revolver,the original cakerie
The Original Cakerie Ltd. - Unfunded Revolver,The Original Cakerie Ltd. (CAD Revolver),The Original Cakerie,First Lien,the original cakerie cad revolver,the original cakerie unfunded revolver,the original cakerie
The Original Cakerie Ltd. - Unfunded Revolver - LC,The Original Cakerie Ltd. (CAD Revolver),The Original Cakerie,First Lien,the original cakerie cad revolver,the original cakerie unfunded revolver lc,the original cakerie
"The Original Cakerie, Co.","The Original Cakerie, Co. (US TL)",The Original Cakerie,First Lien,the original cakerie us term loan,the original cakerie,the original cakerie
"The Vertex Companies, LLC",Vertex (Term Loan),Vertex,First Lien,vertex term loan,the vertex companies,vertex
"The Vertex Companies, LLC - Unfunded Revolver",Vertex (Revolver),Vertex,First Lien,vertex revolver,the vertex companies unfunded revolver,vertex
"The Vertex Companies, LLC - Unfunded Term Loan",Vertex (DDTL),Vertex,First Lien,vertex delayed draw term loan,the vertex companies unfunded term loan,vertex
"Tower Arch Infolinks Media, LP",Infolinks (Common Equity),Infolinks,Common Equity,infolinks common equity,tower arch infolinks media,infolinks
"Tower Arch Infolinks Media, LP - Unfunded",Infolinks (Common Equity),Infolinks,Common Equity,infolinks common equity,tower arch infolinks media unfunded,infolinks
"TransnetYX, Inc.",Transnetyx (Term Loan),Transnetyx,First Lien,transnetyx term loan,transnetyx,transnetyx
"Tyto Athene, LLC",Tyto Athene (Term Loan),Tyto Athene,First Lien,tyto athene term loan,tyto athene,tyto athene
"Tyto Athene, LLC (New Issue)",Tyto Athene (Term Loan),Tyto Athene,First Lien,tyto athene term loan,tyto athene new issue,tyto athene
"Tyto Athene, LLC (New Issue) - Unfunded Revolver",Tyto Athene (Revolver),Tyto Athene,First Lien,tyto athene revolver,tyto athene new issue unfunded revolver,tyto athene
"Tyto Athene, LLC - Funded Revolver",Tyto Athene (Revolver),Tyto Athene,First Lien,tyto athene revolver,tyto athene funded revolver,tyto athene
"Tyto Athene, LLC - Unfunded Revolver",Tyto Athene (Revolver),Tyto Athene,First Lien,tyto athene revolver,tyto athene unfunded revolver,tyto athene
"U.S. Well Services, Inc. - Class A",U.S. Well (Class A),U.S. Well,Common Equity,u s well class a,u s well services class a,u s well
"UBEO, LLC",UBEO (TL),UBEO,First Lien,ubeo term loan,ubeo,ubeo
"UBEO, LLC - Funded Revolver",UBEO (Revolver),UBEO,First Lien,ubeo revolver,ubeo funded revolver,ubeo
"UBEO, LLC - Unfunded Revolver",UBEO (Revolver),UBEO,First Lien,ubeo revolver,ubeo unfunded revolver,ubeo
"UBEO, LLC - Unfunded Term Loan",UBEO (DDTL),UBEO,First Lien,ubeo delayed draw term loan,ubeo unfunded term loan,ubeo
UNITED LAND SERVICES INTERMEDIATE PARENT HOLDINGS LLC,United Land Services (HoldCo Notes DDTL),United Land Services,Subordinated Debt,united land services holdco notes delayed draw term loan,united land services intermediate parent holdings,united land services
UNITED LAND SERVICES INTERMEDIATE PARENT HOLDINGS LLC,United Land Services (HoldCo Notes),United Land Services,Subordinated Debt,united land services holdco notes,united land services intermediate parent holdings,united land services
"UROLOGY MANAGEMENT HOLDINGS, INC.",Solaris Health (DDTL 2024),Solaris Health,First Lien,solaris health delayed draw term loan 2024,urology management holdings,solaris health
"UROLOGY MANAGEMENT HOLDINGS, INC.",Solaris Health (DDTL),Solaris Health,First Lien,solaris health delayed draw term loan,urology management holdings,solaris health
"UROLOGY MANAGEMENT HOLDINGS, INC.",Solaris Health (Term Loan),Solaris Health,First Lien,solaris health term loan,urology management holdings,solaris health
"UROLOGY PARTNERS CO., L.P.",Solaris Health (Common Equity),Solaris Health,Common Equity,solaris health common equity,urology partners l p,solaris health
"US Dominion, Inc.",Dominion Voting (Term Loan),Dominion Voting Systems,First Lien,dominion voting term loan,us dominion,dominion voting systems
"US Dominion, Inc. - Funded Revolver",Dominion Voting (Revolver),Dominion Voting Systems,First Lien,dominion voting revolver,us dominion funded revolver,dominion voting systems
"US Dominion, Inc. - Unfunded Revolver",Dominion Voting (Revolver),Dominion Voting Systems,First Lien,dominion voting revolver,us dominion unfunded revolver,dominion voting systems
"US Fertility Enterprises, LLC",US Fertility (DDTL),US Fertility,First Lien,us fertility delayed draw term loan,us fertility enterprises,us fertility
"US Fertility Enterprises, LLC",US Fertility (Term Loan),US Fertility,First Lien,us fertility term loan,us fertility enterprises,us fertility
"US Med Acquisition, Inc.",US Med,,First Lien,us med,us med acquisition,
"USWS Holdings, LLC",U.S. Well (Class B),U.S. Well,Common Equity,u s well class b,usws holdings,u s well
"UniTek Acquisition, Inc.",UniTek (TL),,First Lien,unitek term loan,unitek acquisition,
"UniTek Global Services, Inc. - Senior Preferred Equity",UniTek (DDTL),UniTek,Preferred Equity,unitek delayed draw term loan,unitek global services senior preferred equity,unitek
"UniTek Global Services, Inc. - Super Senior Preferred Equity",UniTek (Super Pref),UniTek,Preferred Equity,unitek super pref,unitek global services super senior preferred equity,unitek
"UniTek Global Services, Inc.(C)",UniTek (Common Eq),UniTek,Common Equity,unitek common equity,unitek global services c,unitek
"UniTek Global Services, Inc.(P)",UniTek (Preferred Eq),UniTek,Preferred Equity,unitek preferred equity,unitek global services p,unitek
"UniTek Global Services, Inc.(W)",UniTek (Common Eq),UniTek,Common Equity,unitek common equity,unitek global services w,unitek
UniVista Insurance,UniVista (Equity),UniVista,Common Equity,univista equity,univista insurance,univista
"Unique Indoor Comfort, LLC",Unique Indoor Comfort (TL),Unique Indoor Comfort,First Lien,unique indoor comfort term loan,unique indoor comfort,unique indoor comfort
"Unique Indoor Comfort, LLC - Unfunded Revolver",Unique Indoor Comfort (Revolver),Unique Indoor Comfort,First Lien,unique indoor comfort revolver,unique indoor comfort unfunded revolver,unique indoor comfort
"Unique Indoor Comfort, LLC - Unfunded Term Loan",Unique Indoor Comfort (DDTL),Unique Indoor Comfort,First Lien,unique indoor comfort delayed draw term loan,unique indoor comfort unfunded term loan,unique indoor comfort
United Land Services Holdings LLC ,United Land Services (Common Equity),United Land Services,Common Equity,united land services common equity,united land services holdings,united land services
"Urology Management Associates, LLC",New Jersey Urology (TL),,First Lien,new jersey urology term loan,urology management associates,
"VRS Buyer, Inc",Velocity Rail Solutions (DDTL),Velocity Rail Solutions,First Lien,velocity rail solutions delayed draw term loan,vrs buyer,velocity rail solutions
"VRS Buyer, Inc",Velocity Rail Solutions (Revolver),Velocity Rail Solutions,First Lien,velocity rail solutions revolver,vrs buyer,velocity rail solutions
"VRS Buyer, Inc",Velocity Rail Solutions (Term Loan),Velocity Rail Solutions,First Lien,velocity rail solutions term loan,vrs buyer,velocity rail solutions
"VT Topco, Inc.",Veritext (2L),Veritext,Second Lien,veritext second lien,vt topco,veritext
"VT Topco, Inc.",Veritext (Incremental Second Lien),Veritext,Second Lien,veritext incremental second lien,vt topco,veritext
Vertex,Vertex (Term Loan),Vertex,First Lien,vertex term loan,vertex,vertex
Vertex - Unfunded Revolver,Vertex (Revolver),Vertex,First Lien,vertex revolver,vertex unfunded revolver,vertex
Vertex - Unfunded Term Loan,Vertex (DDTL),Vertex,First Lien,vertex delayed draw term loan,vertex unfunded term loan,vertex
"Virgin Pulse, Inc",Virgin Pulse (1L),,First Lien,virgin pulse first lien,virgin pulse,
"Virgin Pulse, Inc.",Virgin Pulse (1L),,First Lien,virgin pulse first lien,virgin pulse,
Vision Purchaser Corporation,Vision Integrated (TL),Vision Integrated,First Lien,vision integrated term loan,vision purchaser corporation,vision integrated
"WCP IVYREHAB QP CF FEEDER, L.P.",Ivy Rehab (Common Equity),Ivy Rehab,Common Equity,ivy rehab common equity,wcp ivyrehab qp cf feeder l p,ivy rehab
"WCP IVYREHAB QP CF FEEDER, L.P. - Unfunded",Ivy Rehab (Common Equity),Ivy Rehab,Common Equity,ivy rehab common equity,wcp ivyrehab qp cf feeder l p unfunded,ivy rehab
"WCP Ivyrehab QP CF Feeder, LP",Ivy Rehab (Common Equity),Ivy Rehab,Common Equity,ivy rehab common equity,wcp ivyrehab qp cf feeder,ivy rehab
"WCP Ivyrehab QP CF Feeder, LP - Unfunded",Ivy Rehab (Common Equity),Ivy Rehab,Common Equity,ivy rehab common equity,wcp ivyrehab qp cf feeder unfunded,ivy rehab
"WCP Ivyrehab QP CF Feeder, LP. - Unfunded",Ivy Rehab (Common Equity),Ivy Rehab,Common Equity,ivy rehab common equity,wcp ivyrehab qp cf feeder unfunded,ivy rehab
Walker Edison Furniture Company LLC,Walker Edison (TL),Walker Edison,First Lien,walker edison term loan,walker edison furniture,walker edison
Watchtower,Watchtower (TL),Watchtower,First Lien,watchtower term loan,watchtower,watchtower
Watchtower,Watchtower (Revolver),Watchtower,First Lien,watchtower revolver,watchtower,watchtower
Watchtower,Watchtower (DDTL),Watchtower,First Lien,watchtower delayed draw term loan,watchtower,watchtower
Watchtower Buyer,Watchtower Buyer (DDTL),Watchtower Buyer,First Lien,watchtower buyer delayed draw term loan,watchtower buyer,watchtower buyer
Watchtower Buyer,Watchtower Buyer (Revolver),Watchtower Buyer,First Lien,watchtower buyer revolver,watchtower buyer,watchtower buyer
Watchtower Buyer,Watchtower Buyer (TL),Watchtower Buyer,First Lien,watchtower buyer term loan,watchtower buyer,watchtower buyer
Watchtower Holdings,Watchtower Holding (Common Equity),Watchtower Holdings,Common Equity,watchtower holding common equity,watchtower holdings,watchtower holdings
"West Girard Holdings, LLC",Philadelphia Girard Apartments (Term Loan),Philadelphia Girard Apartments ,First Lien,philadelphia girard apartments term loan,west girard holdings,philadelphia girard apartments
"Whitehawk Industrial Distribution, Inc.",WhiteHawk Industrial (TL),WhiteHawk Industrial,First Lien,whitehawk industrial term loan,whitehawk industrial distribution,whitehawk industrial
"Wildcat Buyerco, Inc.",Nsi Industries (Term Loan),Nsi Industries,First Lien,nsi industries term loan,wildcat buyerco,nsi industries
"Wildcat Buyerco, Inc. - Funded Revolver",Nsi Industries (Revolver),Nsi Industries,First Lien,nsi industries revolver,wildcat buyerco funded revolver,nsi industries
"Wildcat Buyerco, Inc. - Unfunded Revolver",Nsi Industries (Revolver),Nsi Industries,First Lien,nsi industries revolver,wildcat buyerco unfunded revolver,nsi industries
"Wildcat Buyerco, Inc. - Unfunded Term Loan",Nsi Industries (DDTL),Nsi Industries,First Lien,nsi industries delayed draw term loan,wildcat buyerco unfunded term loan,nsi industries
"Wildcat Buyerco, Inc. - Unfunded Term Loan B",Nsi Industries (DDTL),Nsi Industries,First Lien,nsi industries delayed draw term loan,wildcat buyerco unfunded term loan b,nsi industries
"Wildcat Buyerco, Inc. - Unfunded Term Loan C",Nsi Industries (DDTL),Nsi Industries,First Lien,nsi industries delayed draw term loan,wildcat buyerco unfunded term loan c,nsi industries
"Wildcat Parent, LP",Nsi Industries (Equity),Nsi Industries,Common Equity,nsi industries equity,wildcat parent,nsi industries
"Wildcat Parent, LP (Wildcat Buyerco, Inc.)",Nsi Industries (Equity),Nsi Industries,Common Equity,nsi industries equity,wildcat parent wildcat buyerco,nsi industries
"Wrench Group, LLC",Wrench Group (Term Loan),Wrench Group,First Lien,wrench group term loan,wrench group,wrench group
"ZS Juniper L.P. (Juniper Landscaping of Florida, LLC)",Juniper (Common Equity),,Common Equity,juniper common equity,zs juniper l p juniper landscaping of florida,
Zips - Unfunded Term Loan,Zips (DDTL),Zips,First Lien,zips delayed draw term loan,zips unfunded term loan,zips
"Zips Car Wash, LLC",Zips (Rollup DIP Term Loan),Zips,First Lien,zips rollup debtor in possession term loan,zips car wash,zips
"Zips Car Wash, LLC",Zips (New HoldCo Note),Zips,First Lien,zips new holdco note,zips car wash,zips
"Zips Car Wash, LLC",Zips (Revolver),Zips,First Lien,zips revolver,zips car wash,zips
"Zips Car Wash, LLC",Zips (New OpCo Term Loan),Zips,First Lien,zips new opco term loan,zips car wash,zips
"Zips Car Wash, LLC",Zips (New Money DIP Term Loan),Zips,First Lien,zips new money debtor in possession term loan,zips car wash,zips
"Zips Car Wash, LLC",Zips (Common Equity),Zips,Common Equity,zips common equity,zips car wash,zips
"Zips Car Wash, LLC",Zips (Term Loan),Zips,First Lien,zips term loan,zips car wash,zips
"Zips Car Wash, LLC - Unfunded Term Loan",Zips (DDTL),Zips,First Lien,zips delayed draw term loan,zips car wash unfunded term loan,zips
"eCommission Financial Services, Inc.",eCommission (Term Loan),eCommission,First Lien,ecommission term loan,ecommission financial services,ecommission
"eCommission Financial Services, Inc. - Funded Revolver",eCommission (Revolver),eCommission,First Lien,ecommission revolver,ecommission financial services funded revolver,ecommission
"eCommission Financial Services, Inc. - Unfunded Revolver",eCommission (Revolver),eCommission,First Lien,ecommission revolver,ecommission financial services unfunded revolver,ecommission
eCommission Holding Corporation,eCommission (Equity),eCommission,Common Equity,ecommission equity,ecommission holding corporation,ecommission
eCommission Holdings Corporation,eCommission (Equity),eCommission,Common Equity,ecommission equity,ecommission holdings corporation,ecommission
"iEnergizer Limited and Aptara, Inc.",iEnergizer,,First Lien,ienergizer,ienergizer and aptara,
test,test,test,test,test,test,test
